r = 0.3,upperCap = 50,,,
NodeID,X,Y,EdgeTo,Capacity
0,0.66,0.46,2,17
0,0.66,0.46,3,5
0,0.66,0.46,7,12
0,0.66,0.46,8,12
0,0.66,0.46,9,31
0,0.66,0.46,11,8
0,0.66,0.46,12,2
0,0.66,0.46,14,40
0,0.66,0.46,16,17
0,0.66,0.46,18,49
0,0.66,0.46,21,2
0,0.66,0.46,26,34
0,0.66,0.46,27,28
0,0.66,0.46,32,30
0,0.66,0.46,41,24
0,0.66,0.46,43,1
0,0.66,0.46,45,7
0,0.66,0.46,47,50
0,0.66,0.46,49,2
0,0.66,0.46,57,23
0,0.66,0.46,70,18
0,0.66,0.46,71,32
0,0.66,0.46,72,39
0,0.66,0.46,73,11
0,0.66,0.46,74,32
0,0.66,0.46,78,19
0,0.66,0.46,79,13
0,0.66,0.46,80,50
0,0.66,0.46,82,7
0,0.66,0.46,87,18
0,0.66,0.46,89,16
0,0.66,0.46,92,7
0,0.66,0.46,94,34
0,0.66,0.46,95,35
0,0.66,0.46,96,19
0,0.66,0.46,100,6
0,0.66,0.46,103,13
0,0.66,0.46,106,34
0,0.66,0.46,108,13
0,0.66,0.46,112,6
0,0.66,0.46,115,42
0,0.66,0.46,120,40
0,0.66,0.46,121,26
0,0.66,0.46,124,17
0,0.66,0.46,125,6
0,0.66,0.46,127,5
0,0.66,0.46,135,38
0,0.66,0.46,138,34
0,0.66,0.46,143,39
0,0.66,0.46,145,8
0,0.66,0.46,146,10
0,0.66,0.46,148,43
0,0.66,0.46,149,42
0,0.66,0.46,152,10
0,0.66,0.46,156,6
0,0.66,0.46,157,13
0,0.66,0.46,159,34
0,0.66,0.46,165,30
0,0.66,0.46,166,8
0,0.66,0.46,171,37
0,0.66,0.46,174,17
0,0.66,0.46,179,34
0,0.66,0.46,180,13
0,0.66,0.46,181,34
0,0.66,0.46,186,19
0,0.66,0.46,191,12
0,0.66,0.46,193,27
0,0.66,0.46,199,30
1,0.39,0.89,35,7
1,0.39,0.89,60,14
1,0.39,0.89,69,48
1,0.39,0.89,85,48
1,0.39,0.89,88,37
1,0.39,0.89,111,27
1,0.39,0.89,128,40
1,0.39,0.89,137,27
1,0.39,0.89,160,9
1,0.39,0.89,168,14
1,0.39,0.89,185,27
2,0.75,0.36,11,39
2,0.75,0.36,72,8
2,0.75,0.36,80,43
2,0.75,0.36,94,9
2,0.75,0.36,117,18
2,0.75,0.36,178,1
2,0.75,0.36,193,11
3,0.48,0.49,2,25
3,0.48,0.49,5,15
3,0.48,0.49,6,16
3,0.48,0.49,8,34
3,0.48,0.49,11,37
3,0.48,0.49,12,34
3,0.48,0.49,13,1
3,0.48,0.49,14,8
3,0.48,0.49,16,44
3,0.48,0.49,18,43
3,0.48,0.49,21,37
3,0.48,0.49,34,29
3,0.48,0.49,35,45
3,0.48,0.49,40,2
3,0.48,0.49,45,1
3,0.48,0.49,47,2
3,0.48,0.49,49,29
3,0.48,0.49,57,45
3,0.48,0.49,60,19
3,0.48,0.49,64,31
3,0.48,0.49,67,29
3,0.48,0.49,72,27
3,0.48,0.49,73,32
3,0.48,0.49,75,26
3,0.48,0.49,78,1
3,0.48,0.49,79,7
3,0.48,0.49,80,13
3,0.48,0.49,87,22
3,0.48,0.49,94,41
3,0.48,0.49,96,14
3,0.48,0.49,100,16
3,0.48,0.49,101,49
3,0.48,0.49,106,50
3,0.48,0.49,108,15
3,0.48,0.49,109,42
3,0.48,0.49,110,15
3,0.48,0.49,111,14
3,0.48,0.49,112,5
3,0.48,0.49,115,21
3,0.48,0.49,121,32
3,0.48,0.49,125,41
3,0.48,0.49,127,21
3,0.48,0.49,133,46
3,0.48,0.49,135,47
3,0.48,0.49,138,50
3,0.48,0.49,143,50
3,0.48,0.49,146,14
3,0.48,0.49,156,36
3,0.48,0.49,161,5
3,0.48,0.49,165,2
3,0.48,0.49,171,11
3,0.48,0.49,180,47
3,0.48,0.49,181,8
3,0.48,0.49,184,12
3,0.48,0.49,186,9
3,0.48,0.49,191,17
3,0.48,0.49,192,33
3,0.48,0.49,193,5
3,0.48,0.49,198,28
3,0.48,0.49,199,19
4,0.11,0.25,6,45
4,0.11,0.25,13,21
4,0.11,0.25,17,6
4,0.11,0.25,22,32
4,0.11,0.25,29,7
4,0.11,0.25,37,35
4,0.11,0.25,38,8
4,0.11,0.25,39,45
4,0.11,0.25,40,12
4,0.11,0.25,50,41
4,0.11,0.25,51,25
4,0.11,0.25,53,25
4,0.11,0.25,55,4
4,0.11,0.25,61,45
4,0.11,0.25,65,36
4,0.11,0.25,66,41
4,0.11,0.25,67,38
4,0.11,0.25,75,18
4,0.11,0.25,84,2
4,0.11,0.25,86,30
4,0.11,0.25,116,5
4,0.11,0.25,119,34
4,0.11,0.25,134,22
4,0.11,0.25,136,38
4,0.11,0.25,139,13
4,0.11,0.25,140,48
4,0.11,0.25,155,37
4,0.11,0.25,169,24
4,0.11,0.25,175,50
4,0.11,0.25,183,18
4,0.11,0.25,187,8
4,0.11,0.25,190,46
4,0.11,0.25,195,16
5,0.27,0.56,6,20
5,0.27,0.56,13,44
5,0.27,0.56,14,19
5,0.27,0.56,18,44
5,0.27,0.56,29,25
5,0.27,0.56,31,47
5,0.27,0.56,35,15
5,0.27,0.56,36,20
5,0.27,0.56,40,48
5,0.27,0.56,45,8
5,0.27,0.56,49,36
5,0.27,0.56,50,20
5,0.27,0.56,53,2
5,0.27,0.56,64,13
5,0.27,0.56,67,28
5,0.27,0.56,69,43
5,0.27,0.56,75,35
5,0.27,0.56,76,25
5,0.27,0.56,81,24
5,0.27,0.56,83,41
5,0.27,0.56,84,48
5,0.27,0.56,85,49
5,0.27,0.56,86,32
5,0.27,0.56,104,37
5,0.27,0.56,105,1
5,0.27,0.56,109,41
5,0.27,0.56,110,3
5,0.27,0.56,121,8
5,0.27,0.56,128,3
5,0.27,0.56,131,13
5,0.27,0.56,134,12
5,0.27,0.56,135,30
5,0.27,0.56,136,50
5,0.27,0.56,144,43
5,0.27,0.56,146,14
5,0.27,0.56,150,13
5,0.27,0.56,151,40
5,0.27,0.56,155,3
5,0.27,0.56,160,1
5,0.27,0.56,185,16
5,0.27,0.56,188,17
5,0.27,0.56,189,16
5,0.27,0.56,191,43
5,0.27,0.56,192,28
5,0.27,0.56,196,17
6,0.19,0.49,13,12
6,0.19,0.49,35,29
6,0.19,0.49,36,24
6,0.19,0.49,67,34
6,0.19,0.49,75,6
6,0.19,0.49,76,16
6,0.19,0.49,83,6
6,0.19,0.49,86,39
6,0.19,0.49,105,4
6,0.19,0.49,160,26
6,0.19,0.49,183,1
6,0.19,0.49,191,12
6,0.19,0.49,192,13
7,0.86,0.67,9,42
7,0.86,0.67,10,1
7,0.86,0.67,25,33
7,0.86,0.67,26,18
7,0.86,0.67,42,24
7,0.86,0.67,71,30
7,0.86,0.67,80,38
7,0.86,0.67,82,38
7,0.86,0.67,87,19
7,0.86,0.67,92,9
7,0.86,0.67,94,40
7,0.86,0.67,103,12
7,0.86,0.67,111,38
7,0.86,0.67,115,20
7,0.86,0.67,127,31
7,0.86,0.67,133,15
7,0.86,0.67,147,24
7,0.86,0.67,149,43
7,0.86,0.67,152,12
7,0.86,0.67,157,3
7,0.86,0.67,158,46
7,0.86,0.67,159,16
7,0.86,0.67,163,50
7,0.86,0.67,165,43
7,0.86,0.67,167,30
7,0.86,0.67,172,17
7,0.86,0.67,181,9
7,0.86,0.67,193,23
8,0.59,0.23,2,23
8,0.59,0.23,11,50
8,0.59,0.23,22,1
8,0.59,0.23,26,14
8,0.59,0.23,30,37
8,0.59,0.23,57,21
8,0.59,0.23,71,7
8,0.59,0.23,72,40
8,0.59,0.23,75,33
8,0.59,0.23,108,13
8,0.59,0.23,112,44
8,0.59,0.23,114,38
8,0.59,0.23,165,6
8,0.59,0.23,178,12
8,0.59,0.23,191,2
8,0.59,0.23,193,17
9,0.88,0.51,-,-
10,0.88,0.72,94,33
10,0.88,0.72,123,27
10,0.88,0.72,147,3
10,0.88,0.72,167,23
11,0.59,0.45,94,32
12,0.71,0.58,2,33
12,0.71,0.58,7,25
12,0.71,0.58,9,47
12,0.71,0.58,10,45
12,0.71,0.58,11,12
12,0.71,0.58,25,13
12,0.71,0.58,26,46
12,0.71,0.58,27,22
12,0.71,0.58,34,9
12,0.71,0.58,45,39
12,0.71,0.58,57,29
12,0.71,0.58,60,12
12,0.71,0.58,71,49
12,0.71,0.58,74,1
12,0.71,0.58,80,48
12,0.71,0.58,82,23
12,0.71,0.58,87,44
12,0.71,0.58,92,41
12,0.71,0.58,94,3
12,0.71,0.58,103,26
12,0.71,0.58,108,38
12,0.71,0.58,111,37
12,0.71,0.58,115,23
12,0.71,0.58,120,17
12,0.71,0.58,124,25
12,0.71,0.58,127,14
12,0.71,0.58,133,8
12,0.71,0.58,143,29
12,0.71,0.58,146,2
12,0.71,0.58,147,27
12,0.71,0.58,149,5
12,0.71,0.58,152,49
12,0.71,0.58,157,26
12,0.71,0.58,159,35
12,0.71,0.58,163,37
12,0.71,0.58,165,6
12,0.71,0.58,166,23
12,0.71,0.58,172,23
12,0.71,0.58,181,9
12,0.71,0.58,184,7
12,0.71,0.58,191,41
12,0.71,0.58,193,3
13,0.31,0.46,11,43
13,0.31,0.46,36,21
13,0.31,0.46,75,40
14,0.38,0.43,6,21
14,0.38,0.43,8,28
14,0.38,0.43,11,4
14,0.38,0.43,13,25
14,0.38,0.43,18,11
14,0.38,0.43,22,13
14,0.38,0.43,35,1
14,0.38,0.43,40,29
14,0.38,0.43,41,26
14,0.38,0.43,45,46
14,0.38,0.43,49,12
14,0.38,0.43,50,34
14,0.38,0.43,57,3
14,0.38,0.43,64,34
14,0.38,0.43,67,42
14,0.38,0.43,75,27
14,0.38,0.43,78,50
14,0.38,0.43,80,14
14,0.38,0.43,81,29
14,0.38,0.43,84,35
14,0.38,0.43,86,30
14,0.38,0.43,87,33
14,0.38,0.43,94,24
14,0.38,0.43,108,1
14,0.38,0.43,110,41
14,0.38,0.43,112,41
14,0.38,0.43,121,32
14,0.38,0.43,135,10
14,0.38,0.43,138,50
14,0.38,0.43,146,43
14,0.38,0.43,150,3
14,0.38,0.43,155,33
14,0.38,0.43,156,10
14,0.38,0.43,161,19
14,0.38,0.43,175,18
14,0.38,0.43,176,38
14,0.38,0.43,183,23
14,0.38,0.43,188,11
14,0.38,0.43,191,26
14,0.38,0.43,192,33
14,0.38,0.43,199,34
15,0.93,0.09,27,47
15,0.93,0.09,32,6
15,0.93,0.09,52,46
15,0.93,0.09,54,41
15,0.93,0.09,68,16
15,0.93,0.09,77,38
15,0.93,0.09,93,9
15,0.93,0.09,98,16
15,0.93,0.09,102,33
15,0.93,0.09,114,39
15,0.93,0.09,117,39
15,0.93,0.09,118,31
15,0.93,0.09,120,1
15,0.93,0.09,129,24
15,0.93,0.09,154,37
15,0.93,0.09,166,25
15,0.93,0.09,174,19
15,0.93,0.09,178,10
16,0.44,0.44,5,16
16,0.44,0.44,6,24
16,0.44,0.44,8,15
16,0.44,0.44,11,40
16,0.44,0.44,13,30
16,0.44,0.44,14,31
16,0.44,0.44,18,35
16,0.44,0.44,22,4
16,0.44,0.44,33,5
16,0.44,0.44,35,21
16,0.44,0.44,40,8
16,0.44,0.44,41,43
16,0.44,0.44,45,42
16,0.44,0.44,49,8
16,0.44,0.44,50,19
16,0.44,0.44,57,5
16,0.44,0.44,64,35
16,0.44,0.44,67,3
16,0.44,0.44,72,18
16,0.44,0.44,73,39
16,0.44,0.44,75,36
16,0.44,0.44,78,14
16,0.44,0.44,80,8
16,0.44,0.44,87,14
16,0.44,0.44,94,13
16,0.44,0.44,96,26
16,0.44,0.44,100,2
16,0.44,0.44,106,31
16,0.44,0.44,108,45
16,0.44,0.44,109,14
16,0.44,0.44,110,8
16,0.44,0.44,112,5
16,0.44,0.44,121,16
16,0.44,0.44,135,10
16,0.44,0.44,138,11
16,0.44,0.44,143,7
16,0.44,0.44,146,20
16,0.44,0.44,150,1
16,0.44,0.44,156,2
16,0.44,0.44,161,30
16,0.44,0.44,165,33
16,0.44,0.44,171,9
16,0.44,0.44,175,48
16,0.44,0.44,176,10
16,0.44,0.44,180,37
16,0.44,0.44,186,10
16,0.44,0.44,191,19
16,0.44,0.44,192,47
16,0.44,0.44,193,32
16,0.44,0.44,198,26
16,0.44,0.44,199,35
17,0.2,0.01,22,48
17,0.2,0.01,30,6
17,0.2,0.01,37,25
17,0.2,0.01,38,6
17,0.2,0.01,39,22
17,0.2,0.01,55,45
17,0.2,0.01,61,14
17,0.2,0.01,62,45
17,0.2,0.01,113,43
17,0.2,0.01,139,45
17,0.2,0.01,140,7
17,0.2,0.01,169,22
17,0.2,0.01,183,35
18,0.43,0.44,6,4
18,0.43,0.44,8,36
18,0.43,0.44,11,29
18,0.43,0.44,13,26
18,0.43,0.44,22,35
18,0.43,0.44,35,48
18,0.43,0.44,45,19
18,0.43,0.44,57,18
18,0.43,0.44,67,16
18,0.43,0.44,75,49
18,0.43,0.44,80,30
18,0.43,0.44,87,24
18,0.43,0.44,94,6
18,0.43,0.44,108,13
18,0.43,0.44,112,41
18,0.43,0.44,146,11
18,0.43,0.44,156,9
18,0.43,0.44,161,4
18,0.43,0.44,175,23
18,0.43,0.44,191,42
18,0.43,0.44,192,25
18,0.43,0.44,193,49
19,0.17,0.88,1,41
19,0.17,0.88,24,50
19,0.17,0.88,35,27
19,0.17,0.88,36,28
19,0.17,0.88,63,37
19,0.17,0.88,69,42
19,0.17,0.88,83,27
19,0.17,0.88,85,29
19,0.17,0.88,88,46
19,0.17,0.88,128,9
19,0.17,0.88,137,1
19,0.17,0.88,160,45
19,0.17,0.88,168,42
19,0.17,0.88,185,42
20,0.63,0.04,8,37
20,0.63,0.04,22,23
20,0.63,0.04,30,48
20,0.63,0.04,33,35
20,0.63,0.04,41,46
20,0.63,0.04,52,15
20,0.63,0.04,56,24
20,0.63,0.04,62,7
20,0.63,0.04,72,24
20,0.63,0.04,77,35
20,0.63,0.04,78,37
20,0.63,0.04,93,25
20,0.63,0.04,98,28
20,0.63,0.04,106,23
20,0.63,0.04,107,28
20,0.63,0.04,114,38
20,0.63,0.04,118,30
20,0.63,0.04,129,26
20,0.63,0.04,141,20
20,0.63,0.04,145,8
20,0.63,0.04,156,45
20,0.63,0.04,166,49
20,0.63,0.04,175,28
20,0.63,0.04,176,4
20,0.63,0.04,178,9
20,0.63,0.04,194,45
20,0.63,0.04,199,35
21,0.74,0.42,2,39
21,0.74,0.42,7,14
21,0.74,0.42,8,42
21,0.74,0.42,9,25
21,0.74,0.42,11,41
21,0.74,0.42,12,27
21,0.74,0.42,26,16
21,0.74,0.42,27,34
21,0.74,0.42,32,36
21,0.74,0.42,45,35
21,0.74,0.42,54,49
21,0.74,0.42,57,35
21,0.74,0.42,71,38
21,0.74,0.42,72,37
21,0.74,0.42,74,44
21,0.74,0.42,77,3
21,0.74,0.42,78,39
21,0.74,0.42,80,10
21,0.74,0.42,82,46
21,0.74,0.42,87,31
21,0.74,0.42,92,43
21,0.74,0.42,94,25
21,0.74,0.42,103,45
21,0.74,0.42,108,18
21,0.74,0.42,112,18
21,0.74,0.42,115,17
21,0.74,0.42,117,45
21,0.74,0.42,120,39
21,0.74,0.42,124,5
21,0.74,0.42,127,12
21,0.74,0.42,143,45
21,0.74,0.42,146,37
21,0.74,0.42,147,33
21,0.74,0.42,149,8
21,0.74,0.42,152,9
21,0.74,0.42,156,7
21,0.74,0.42,157,1
21,0.74,0.42,159,47
21,0.74,0.42,163,27
21,0.74,0.42,165,38
21,0.74,0.42,166,29
21,0.74,0.42,174,40
21,0.74,0.42,179,41
21,0.74,0.42,181,50
21,0.74,0.42,191,5
21,0.74,0.42,193,1
21,0.74,0.42,199,2
22,0.39,0.17,30,9
22,0.39,0.17,55,22
22,0.39,0.17,57,38
22,0.39,0.17,75,21
22,0.39,0.17,112,10
23,0.25,0.05,4,7
23,0.25,0.05,17,18
23,0.25,0.05,22,7
23,0.25,0.05,30,2
23,0.25,0.05,37,36
23,0.25,0.05,38,50
23,0.25,0.05,39,14
23,0.25,0.05,55,6
23,0.25,0.05,56,5
23,0.25,0.05,61,37
23,0.25,0.05,62,20
23,0.25,0.05,66,24
23,0.25,0.05,67,26
23,0.25,0.05,75,14
23,0.25,0.05,113,17
23,0.25,0.05,116,41
23,0.25,0.05,119,37
23,0.25,0.05,139,32
23,0.25,0.05,140,38
23,0.25,0.05,141,13
23,0.25,0.05,161,9
23,0.25,0.05,169,15
23,0.25,0.05,175,33
23,0.25,0.05,176,40
23,0.25,0.05,177,20
23,0.25,0.05,183,7
23,0.25,0.05,187,39
23,0.25,0.05,190,30
23,0.25,0.05,198,12
24,0.01,0.9,36,27
24,0.01,0.9,83,27
24,0.01,0.9,85,1
24,0.01,0.9,88,39
24,0.01,0.9,137,20
25,0.7,0.79,10,1
25,0.7,0.79,45,17
25,0.7,0.79,60,8
25,0.7,0.79,80,10
25,0.7,0.79,94,37
25,0.7,0.79,123,7
25,0.7,0.79,147,17
25,0.7,0.79,152,42
25,0.7,0.79,158,11
25,0.7,0.79,167,38
26,0.82,0.41,2,48
26,0.82,0.41,11,41
26,0.82,0.41,54,27
26,0.82,0.41,72,43
26,0.82,0.41,77,33
26,0.82,0.41,80,10
26,0.82,0.41,94,15
26,0.82,0.41,117,8
26,0.82,0.41,147,4
26,0.82,0.41,152,26
26,0.82,0.41,193,19
27,0.83,0.36,2,41
27,0.83,0.36,8,47
27,0.83,0.36,9,15
27,0.83,0.36,11,2
27,0.83,0.36,26,38
27,0.83,0.36,32,5
27,0.83,0.36,54,6
27,0.83,0.36,57,33
27,0.83,0.36,71,40
27,0.83,0.36,72,16
27,0.83,0.36,77,7
27,0.83,0.36,82,34
27,0.83,0.36,87,26
27,0.83,0.36,92,49
27,0.83,0.36,93,10
27,0.83,0.36,103,40
27,0.83,0.36,108,24
27,0.83,0.36,115,1
27,0.83,0.36,117,45
27,0.83,0.36,120,3
27,0.83,0.36,147,27
27,0.83,0.36,149,50
27,0.83,0.36,152,33
27,0.83,0.36,156,12
27,0.83,0.36,157,21
27,0.83,0.36,159,4
27,0.83,0.36,163,10
27,0.83,0.36,165,44
27,0.83,0.36,166,1
27,0.83,0.36,174,22
27,0.83,0.36,178,38
27,0.83,0.36,193,23
28,0.96,0.16,2,24
28,0.96,0.16,15,23
28,0.96,0.16,26,38
28,0.96,0.16,27,25
28,0.96,0.16,32,30
28,0.96,0.16,52,2
28,0.96,0.16,54,34
28,0.96,0.16,68,48
28,0.96,0.16,71,32
28,0.96,0.16,72,41
28,0.96,0.16,77,22
28,0.96,0.16,89,27
28,0.96,0.16,93,46
28,0.96,0.16,102,27
28,0.96,0.16,114,28
28,0.96,0.16,117,4
28,0.96,0.16,118,16
28,0.96,0.16,120,9
28,0.96,0.16,129,19
28,0.96,0.16,145,34
28,0.96,0.16,154,31
28,0.96,0.16,157,19
28,0.96,0.16,159,32
28,0.96,0.16,166,47
28,0.96,0.16,174,43
28,0.96,0.16,178,38
28,0.96,0.16,179,34
29,0.06,0.37,6,25
29,0.06,0.37,13,45
29,0.06,0.37,36,46
29,0.06,0.37,37,15
29,0.06,0.37,39,8
29,0.06,0.37,51,24
29,0.06,0.37,53,39
29,0.06,0.37,55,44
29,0.06,0.37,61,13
29,0.06,0.37,67,5
29,0.06,0.37,75,15
29,0.06,0.37,76,37
29,0.06,0.37,81,26
29,0.06,0.37,84,23
29,0.06,0.37,86,24
29,0.06,0.37,105,42
29,0.06,0.37,131,27
29,0.06,0.37,134,38
29,0.06,0.37,139,23
29,0.06,0.37,183,29
29,0.06,0.37,187,36
29,0.06,0.37,192,47
30,0.42,0.03,55,11
30,0.42,0.03,75,10
30,0.42,0.03,178,19
31,0.12,0.74,6,41
31,0.12,0.74,19,12
31,0.12,0.74,24,33
31,0.12,0.74,35,7
31,0.12,0.74,36,15
31,0.12,0.74,63,44
31,0.12,0.74,69,44
31,0.12,0.74,76,36
31,0.12,0.74,83,5
31,0.12,0.74,85,32
31,0.12,0.74,86,40
31,0.12,0.74,88,24
31,0.12,0.74,91,16
31,0.12,0.74,105,20
31,0.12,0.74,128,33
31,0.12,0.74,137,10
31,0.12,0.74,160,44
31,0.12,0.74,168,38
31,0.12,0.74,185,46
31,0.12,0.74,189,44
31,0.12,0.74,192,12
32,0.89,0.29,2,44
32,0.89,0.29,9,38
32,0.89,0.29,26,31
32,0.89,0.29,52,40
32,0.89,0.29,54,29
32,0.89,0.29,57,42
32,0.89,0.29,71,10
32,0.89,0.29,72,5
32,0.89,0.29,77,21
32,0.89,0.29,93,45
32,0.89,0.29,102,50
32,0.89,0.29,103,20
32,0.89,0.29,114,7
32,0.89,0.29,115,19
32,0.89,0.29,117,31
32,0.89,0.29,120,19
32,0.89,0.29,156,41
32,0.89,0.29,159,42
32,0.89,0.29,163,3
32,0.89,0.29,165,5
32,0.89,0.29,166,31
32,0.89,0.29,174,28
32,0.89,0.29,178,35
32,0.89,0.29,193,1
33,0.55,0.18,2,39
33,0.55,0.18,8,8
33,0.55,0.18,11,7
33,0.55,0.18,18,2
33,0.55,0.18,22,27
33,0.55,0.18,30,48
33,0.55,0.18,57,23
33,0.55,0.18,62,6
33,0.55,0.18,67,41
33,0.55,0.18,72,19
33,0.55,0.18,75,46
33,0.55,0.18,78,42
33,0.55,0.18,93,41
33,0.55,0.18,98,31
33,0.55,0.18,107,15
33,0.55,0.18,108,47
33,0.55,0.18,112,13
33,0.55,0.18,113,42
33,0.55,0.18,114,39
33,0.55,0.18,118,30
33,0.55,0.18,156,3
33,0.55,0.18,161,19
33,0.55,0.18,166,42
33,0.55,0.18,175,27
33,0.55,0.18,178,30
33,0.55,0.18,191,49
33,0.55,0.18,193,40
33,0.55,0.18,194,48
34,0.55,0.77,1,13
34,0.55,0.77,25,27
34,0.55,0.77,42,31
34,0.55,0.77,45,36
34,0.55,0.77,48,30
34,0.55,0.77,60,20
34,0.55,0.77,63,9
34,0.55,0.77,69,15
34,0.55,0.77,80,30
34,0.55,0.77,85,26
34,0.55,0.77,87,11
34,0.55,0.77,92,19
34,0.55,0.77,94,2
34,0.55,0.77,97,13
34,0.55,0.77,111,17
34,0.55,0.77,122,43
34,0.55,0.77,123,37
34,0.55,0.77,127,33
34,0.55,0.77,128,25
34,0.55,0.77,133,32
34,0.55,0.77,146,27
34,0.55,0.77,152,48
34,0.55,0.77,168,44
34,0.55,0.77,181,30
34,0.55,0.77,184,48
34,0.55,0.77,185,43
35,0.27,0.65,13,48
35,0.27,0.65,36,9
35,0.27,0.65,45,8
35,0.27,0.65,60,46
35,0.27,0.65,69,34
35,0.27,0.65,76,40
35,0.27,0.65,83,39
35,0.27,0.65,85,49
35,0.27,0.65,86,2
35,0.27,0.65,88,14
35,0.27,0.65,105,18
35,0.27,0.65,128,18
35,0.27,0.65,137,50
35,0.27,0.65,146,39
35,0.27,0.65,160,20
35,0.27,0.65,168,32
35,0.27,0.65,185,13
35,0.27,0.65,191,49
35,0.27,0.65,192,8
36,0.08,0.62,76,23
36,0.08,0.62,83,3
36,0.08,0.62,85,10
37,0.03,0.12,38,39
37,0.03,0.12,39,23
37,0.03,0.12,55,1
37,0.03,0.12,61,21
37,0.03,0.12,139,50
37,0.03,0.12,140,4
37,0.03,0.12,169,19
38,0,0.01,55,13
38,0,0.01,61,48
38,0,0.01,139,35
38,0,0.01,169,13
39,0.01,0.09,38,14
39,0.01,0.09,55,25
39,0.01,0.09,61,37
39,0.01,0.09,139,36
39,0.01,0.09,169,25
40,0.28,0.47,6,34
40,0.28,0.47,13,39
40,0.28,0.47,18,48
40,0.28,0.47,29,33
40,0.28,0.47,35,3
40,0.28,0.47,36,23
40,0.28,0.47,45,13
40,0.28,0.47,50,4
40,0.28,0.47,51,29
40,0.28,0.47,53,43
40,0.28,0.47,64,7
40,0.28,0.47,65,3
40,0.28,0.47,67,12
40,0.28,0.47,75,45
40,0.28,0.47,76,8
40,0.28,0.47,81,48
40,0.28,0.47,83,2
40,0.28,0.47,84,42
40,0.28,0.47,86,22
40,0.28,0.47,105,35
40,0.28,0.47,110,14
40,0.28,0.47,112,46
40,0.28,0.47,119,6
40,0.28,0.47,134,4
40,0.28,0.47,135,23
40,0.28,0.47,136,25
40,0.28,0.47,146,6
40,0.28,0.47,155,37
40,0.28,0.47,160,35
40,0.28,0.47,161,35
40,0.28,0.47,183,37
40,0.28,0.47,188,29
40,0.28,0.47,191,22
40,0.28,0.47,192,40
40,0.28,0.47,196,43
41,0.53,0.19,2,47
41,0.53,0.19,8,15
41,0.53,0.19,11,50
41,0.53,0.19,18,12
41,0.53,0.19,22,1
41,0.53,0.19,30,36
41,0.53,0.19,33,37
41,0.53,0.19,57,34
41,0.53,0.19,62,11
41,0.53,0.19,67,18
41,0.53,0.19,72,26
41,0.53,0.19,75,46
41,0.53,0.19,78,31
41,0.53,0.19,93,30
41,0.53,0.19,98,7
41,0.53,0.19,107,32
41,0.53,0.19,108,30
41,0.53,0.19,112,49
41,0.53,0.19,113,19
41,0.53,0.19,114,50
41,0.53,0.19,118,40
41,0.53,0.19,156,37
41,0.53,0.19,161,27
41,0.53,0.19,166,42
41,0.53,0.19,175,27
41,0.53,0.19,178,13
41,0.53,0.19,191,16
41,0.53,0.19,193,22
41,0.53,0.19,194,45
42,0.76,0.95,10,25
42,0.76,0.95,25,37
42,0.76,0.95,123,49
42,0.76,0.95,158,32
42,0.76,0.95,167,35
43,0.94,0.47,2,49
43,0.94,0.47,7,14
43,0.94,0.47,9,18
43,0.94,0.47,10,22
43,0.94,0.47,12,29
43,0.94,0.47,21,32
43,0.94,0.47,26,32
43,0.94,0.47,27,37
43,0.94,0.47,32,9
43,0.94,0.47,54,46
43,0.94,0.47,70,47
43,0.94,0.47,71,35
43,0.94,0.47,74,19
43,0.94,0.47,82,4
43,0.94,0.47,89,24
43,0.94,0.47,92,14
43,0.94,0.47,95,41
43,0.94,0.47,103,7
43,0.94,0.47,115,11
43,0.94,0.47,117,17
43,0.94,0.47,120,48
43,0.94,0.47,124,6
43,0.94,0.47,125,33
43,0.94,0.47,130,29
43,0.94,0.47,143,12
43,0.94,0.47,147,40
43,0.94,0.47,149,33
43,0.94,0.47,152,34
43,0.94,0.47,157,8
43,0.94,0.47,159,45
43,0.94,0.47,163,25
43,0.94,0.47,164,11
43,0.94,0.47,165,48
43,0.94,0.47,166,2
43,0.94,0.47,174,31
43,0.94,0.47,179,36
43,0.94,0.47,193,47
44,0.5,0.87,1,2
44,0.5,0.87,25,50
44,0.5,0.87,34,48
44,0.5,0.87,42,12
44,0.5,0.87,48,37
44,0.5,0.87,49,38
44,0.5,0.87,60,22
44,0.5,0.87,63,17
44,0.5,0.87,64,18
44,0.5,0.87,69,28
44,0.5,0.87,85,2
44,0.5,0.87,88,30
44,0.5,0.87,94,50
44,0.5,0.87,97,13
44,0.5,0.87,111,44
44,0.5,0.87,122,34
44,0.5,0.87,123,8
44,0.5,0.87,127,13
44,0.5,0.87,128,48
44,0.5,0.87,133,2
44,0.5,0.87,153,41
44,0.5,0.87,162,46
44,0.5,0.87,168,23
44,0.5,0.87,172,48
44,0.5,0.87,181,17
44,0.5,0.87,184,7
44,0.5,0.87,185,30
45,0.51,0.56,11,8
45,0.51,0.56,13,41
45,0.51,0.56,60,11
45,0.51,0.56,80,49
45,0.51,0.56,94,2
45,0.51,0.56,128,1
45,0.51,0.56,193,41
46,0.95,0.9,7,17
46,0.95,0.9,10,46
46,0.95,0.9,25,18
46,0.95,0.9,42,7
46,0.95,0.9,74,39
46,0.95,0.9,99,5
46,0.95,0.9,123,35
46,0.95,0.9,147,37
46,0.95,0.9,152,35
46,0.95,0.9,158,48
46,0.95,0.9,167,38
46,0.95,0.9,172,20
47,0.58,0.72,1,48
47,0.58,0.72,7,19
47,0.58,0.72,11,12
47,0.58,0.72,12,17
47,0.58,0.72,25,11
47,0.58,0.72,34,30
47,0.58,0.72,42,36
47,0.58,0.72,44,43
47,0.58,0.72,45,11
47,0.58,0.72,48,46
47,0.58,0.72,49,1
47,0.58,0.72,60,18
47,0.58,0.72,63,25
47,0.58,0.72,64,7
47,0.58,0.72,69,4
47,0.58,0.72,70,32
47,0.58,0.72,79,44
47,0.58,0.72,80,43
47,0.58,0.72,87,38
47,0.58,0.72,92,11
47,0.58,0.72,94,33
47,0.58,0.72,96,30
47,0.58,0.72,97,17
47,0.58,0.72,111,44
47,0.58,0.72,122,43
47,0.58,0.72,123,19
47,0.58,0.72,125,9
47,0.58,0.72,127,38
47,0.58,0.72,128,37
47,0.58,0.72,133,12
47,0.58,0.72,135,50
47,0.58,0.72,146,46
47,0.58,0.72,149,11
47,0.58,0.72,152,20
47,0.58,0.72,153,31
47,0.58,0.72,165,49
47,0.58,0.72,168,40
47,0.58,0.72,172,43
47,0.58,0.72,180,38
47,0.58,0.72,181,30
47,0.58,0.72,184,18
47,0.58,0.72,185,26
47,0.58,0.72,191,38
48,0.61,1,1,27
48,0.61,1,25,41
48,0.61,1,42,44
48,0.61,1,60,11
48,0.61,1,63,26
48,0.61,1,69,37
48,0.61,1,111,27
48,0.61,1,122,7
48,0.61,1,123,29
48,0.61,1,133,31
48,0.61,1,158,37
48,0.61,1,167,26
48,0.61,1,168,24
48,0.61,1,184,31
49,0.45,0.66,1,49
49,0.45,0.66,11,47
49,0.45,0.66,12,14
49,0.45,0.66,13,35
49,0.45,0.66,18,14
49,0.45,0.66,25,45
49,0.45,0.66,34,19
49,0.45,0.66,35,48
49,0.45,0.66,40,10
49,0.45,0.66,45,21
49,0.45,0.66,60,21
49,0.45,0.66,63,27
49,0.45,0.66,64,1
49,0.45,0.66,69,48
49,0.45,0.66,80,9
49,0.45,0.66,85,45
49,0.45,0.66,87,4
49,0.45,0.66,94,6
49,0.45,0.66,97,20
49,0.45,0.66,110,18
49,0.45,0.66,111,31
49,0.45,0.66,121,6
49,0.45,0.66,122,23
49,0.45,0.66,127,12
49,0.45,0.66,128,9
49,0.45,0.66,133,1
49,0.45,0.66,135,24
49,0.45,0.66,146,25
49,0.45,0.66,150,8
49,0.45,0.66,153,8
49,0.45,0.66,160,35
49,0.45,0.66,168,9
49,0.45,0.66,181,38
49,0.45,0.66,184,38
49,0.45,0.66,185,10
49,0.45,0.66,191,21
49,0.45,0.66,192,35
50,0.17,0.38,6,31
50,0.17,0.38,13,21
50,0.17,0.38,18,9
50,0.17,0.38,29,22
50,0.17,0.38,35,26
50,0.17,0.38,36,24
50,0.17,0.38,37,7
50,0.17,0.38,51,26
50,0.17,0.38,53,31
50,0.17,0.38,55,27
50,0.17,0.38,61,25
50,0.17,0.38,67,19
50,0.17,0.38,75,10
50,0.17,0.38,76,47
50,0.17,0.38,81,19
50,0.17,0.38,84,6
50,0.17,0.38,86,2
50,0.17,0.38,105,19
50,0.17,0.38,110,22
50,0.17,0.38,131,23
50,0.17,0.38,134,24
50,0.17,0.38,135,31
50,0.17,0.38,161,16
50,0.17,0.38,183,2
50,0.17,0.38,187,10
50,0.17,0.38,192,17
51,0.05,0.31,6,31
51,0.05,0.31,37,34
51,0.05,0.31,39,30
51,0.05,0.31,55,41
51,0.05,0.31,61,40
51,0.05,0.31,67,20
51,0.05,0.31,75,16
51,0.05,0.31,76,13
51,0.05,0.31,81,25
51,0.05,0.31,84,26
51,0.05,0.31,86,35
51,0.05,0.31,105,45
51,0.05,0.31,134,7
51,0.05,0.31,139,13
51,0.05,0.31,140,27
51,0.05,0.31,169,14
51,0.05,0.31,183,40
51,0.05,0.31,187,43
52,0.88,0.05,54,8
52,0.88,0.05,72,11
52,0.88,0.05,77,28
52,0.88,0.05,102,9
52,0.88,0.05,114,38
52,0.88,0.05,117,48
52,0.88,0.05,178,1
53,0.08,0.42,6,4
53,0.08,0.42,13,35
53,0.08,0.42,35,43
53,0.08,0.42,36,47
53,0.08,0.42,51,1
53,0.08,0.42,55,36
53,0.08,0.42,61,29
53,0.08,0.42,67,21
53,0.08,0.42,75,37
53,0.08,0.42,76,5
53,0.08,0.42,81,33
53,0.08,0.42,83,7
53,0.08,0.42,84,46
53,0.08,0.42,86,32
53,0.08,0.42,105,9
53,0.08,0.42,110,5
53,0.08,0.42,131,37
53,0.08,0.42,134,13
53,0.08,0.42,151,4
53,0.08,0.42,183,23
53,0.08,0.42,189,50
53,0.08,0.42,192,45
54,0.95,0.29,2,3
54,0.95,0.29,72,9
54,0.95,0.29,77,21
54,0.95,0.29,102,23
54,0.95,0.29,114,39
54,0.95,0.29,117,34
54,0.95,0.29,193,36
55,0.18,0.17,61,29
56,0.47,0.07,8,50
56,0.47,0.07,17,40
56,0.47,0.07,22,26
56,0.47,0.07,30,45
56,0.47,0.07,33,15
56,0.47,0.07,41,49
56,0.47,0.07,62,35
56,0.47,0.07,66,24
56,0.47,0.07,67,42
56,0.47,0.07,75,42
56,0.47,0.07,78,11
56,0.47,0.07,98,25
56,0.47,0.07,107,17
56,0.47,0.07,108,4
56,0.47,0.07,112,35
56,0.47,0.07,113,18
56,0.47,0.07,114,6
56,0.47,0.07,116,39
56,0.47,0.07,118,32
56,0.47,0.07,156,11
56,0.47,0.07,161,14
56,0.47,0.07,175,27
56,0.47,0.07,178,19
56,0.47,0.07,183,3
56,0.47,0.07,194,40
57,0.63,0.34,2,49
57,0.63,0.34,11,12
57,0.63,0.34,26,31
57,0.63,0.34,45,14
57,0.63,0.34,72,19
57,0.63,0.34,80,48
57,0.63,0.34,94,10
57,0.63,0.34,112,39
57,0.63,0.34,165,35
57,0.63,0.34,178,26
57,0.63,0.34,193,30
58,0.98,0.43,2,38
58,0.98,0.43,7,47
58,0.98,0.43,9,18
58,0.98,0.43,21,27
58,0.98,0.43,26,16
58,0.98,0.43,27,8
58,0.98,0.43,28,17
58,0.98,0.43,32,39
58,0.98,0.43,43,47
58,0.98,0.43,54,19
58,0.98,0.43,70,48
58,0.98,0.43,71,9
58,0.98,0.43,74,38
58,0.98,0.43,77,23
58,0.98,0.43,82,20
58,0.98,0.43,89,24
58,0.98,0.43,92,4
58,0.98,0.43,95,11
58,0.98,0.43,103,16
58,0.98,0.43,115,46
58,0.98,0.43,117,2
58,0.98,0.43,120,5
58,0.98,0.43,124,14
58,0.98,0.43,125,8
58,0.98,0.43,130,2
58,0.98,0.43,143,16
58,0.98,0.43,147,48
58,0.98,0.43,149,6
58,0.98,0.43,152,21
58,0.98,0.43,157,1
58,0.98,0.43,159,25
58,0.98,0.43,163,37
58,0.98,0.43,164,35
58,0.98,0.43,165,17
58,0.98,0.43,166,35
58,0.98,0.43,174,7
58,0.98,0.43,179,24
58,0.98,0.43,193,10
59,0.19,0.64,5,30
59,0.19,0.64,6,8
59,0.19,0.64,13,2
59,0.19,0.64,14,23
59,0.19,0.64,19,43
59,0.19,0.64,29,8
59,0.19,0.64,31,36
59,0.19,0.64,35,28
59,0.19,0.64,36,39
59,0.19,0.64,40,48
59,0.19,0.64,49,31
59,0.19,0.64,50,40
59,0.19,0.64,53,45
59,0.19,0.64,63,10
59,0.19,0.64,64,33
59,0.19,0.64,69,35
59,0.19,0.64,76,50
59,0.19,0.64,81,37
59,0.19,0.64,83,20
59,0.19,0.64,84,2
59,0.19,0.64,85,20
59,0.19,0.64,86,32
59,0.19,0.64,88,17
59,0.19,0.64,91,7
59,0.19,0.64,96,23
59,0.19,0.64,104,16
59,0.19,0.64,105,49
59,0.19,0.64,109,13
59,0.19,0.64,110,10
59,0.19,0.64,121,40
59,0.19,0.64,128,10
59,0.19,0.64,131,11
59,0.19,0.64,132,15
59,0.19,0.64,134,45
59,0.19,0.64,135,41
59,0.19,0.64,136,33
59,0.19,0.64,137,39
59,0.19,0.64,142,16
59,0.19,0.64,144,37
59,0.19,0.64,150,19
59,0.19,0.64,151,41
59,0.19,0.64,155,50
59,0.19,0.64,160,4
59,0.19,0.64,182,44
59,0.19,0.64,185,33
59,0.19,0.64,188,50
59,0.19,0.64,189,5
59,0.19,0.64,192,38
59,0.19,0.64,196,32
60,0.52,0.76,85,41
60,0.52,0.76,94,47
60,0.52,0.76,123,12
61,0.06,0.2,-,-
62,0.38,0.01,22,38
62,0.38,0.01,30,37
62,0.38,0.01,55,42
62,0.38,0.01,107,8
62,0.38,0.01,113,3
62,0.38,0.01,140,20
62,0.38,0.01,169,24
63,0.36,0.86,1,23
63,0.36,0.86,35,1
63,0.36,0.86,60,5
63,0.36,0.86,69,16
63,0.36,0.86,85,18
63,0.36,0.86,88,36
63,0.36,0.86,111,2
63,0.36,0.86,128,29
63,0.36,0.86,137,30
63,0.36,0.86,160,31
63,0.36,0.86,168,29
63,0.36,0.86,185,23
64,0.36,0.67,1,44
64,0.36,0.67,6,49
64,0.36,0.67,13,12
64,0.36,0.67,18,25
64,0.36,0.67,19,45
64,0.36,0.67,31,15
64,0.36,0.67,34,24
64,0.36,0.67,35,26
64,0.36,0.67,36,6
64,0.36,0.67,45,28
64,0.36,0.67,60,45
64,0.36,0.67,63,40
64,0.36,0.67,69,50
64,0.36,0.67,80,18
64,0.36,0.67,83,41
64,0.36,0.67,85,50
64,0.36,0.67,87,9
64,0.36,0.67,88,14
64,0.36,0.67,94,15
64,0.36,0.67,97,36
64,0.36,0.67,111,35
64,0.36,0.67,122,23
64,0.36,0.67,128,7
64,0.36,0.67,133,2
64,0.36,0.67,137,17
64,0.36,0.67,146,24
64,0.36,0.67,160,29
64,0.36,0.67,168,46
64,0.36,0.67,184,7
64,0.36,0.67,185,31
64,0.36,0.67,191,3
64,0.36,0.67,192,20
65,0.07,0.3,6,48
65,0.07,0.3,13,31
65,0.07,0.3,29,23
65,0.07,0.3,37,25
65,0.07,0.3,38,35
65,0.07,0.3,39,2
65,0.07,0.3,50,7
65,0.07,0.3,51,20
65,0.07,0.3,53,2
65,0.07,0.3,55,48
65,0.07,0.3,61,14
65,0.07,0.3,66,28
65,0.07,0.3,67,5
65,0.07,0.3,75,26
65,0.07,0.3,76,49
65,0.07,0.3,81,31
65,0.07,0.3,84,26
65,0.07,0.3,86,28
65,0.07,0.3,105,41
65,0.07,0.3,119,25
65,0.07,0.3,134,50
65,0.07,0.3,136,18
65,0.07,0.3,139,34
65,0.07,0.3,140,50
65,0.07,0.3,155,29
65,0.07,0.3,169,14
65,0.07,0.3,183,8
65,0.07,0.3,187,23
65,0.07,0.3,188,48
66,0.2,0.04,17,50
66,0.2,0.04,22,18
66,0.2,0.04,30,18
66,0.2,0.04,37,39
66,0.2,0.04,38,21
66,0.2,0.04,39,4
66,0.2,0.04,55,17
66,0.2,0.04,61,45
66,0.2,0.04,62,18
66,0.2,0.04,67,21
66,0.2,0.04,75,33
66,0.2,0.04,113,24
66,0.2,0.04,116,21
66,0.2,0.04,139,50
66,0.2,0.04,140,36
66,0.2,0.04,169,36
66,0.2,0.04,175,38
66,0.2,0.04,183,8
66,0.2,0.04,187,32
67,0.3,0.31,13,31
67,0.3,0.31,22,50
67,0.3,0.31,55,46
67,0.3,0.31,61,40
67,0.3,0.31,75,3
67,0.3,0.31,86,20
67,0.3,0.31,108,36
67,0.3,0.31,112,49
67,0.3,0.31,113,44
67,0.3,0.31,140,37
67,0.3,0.31,146,43
67,0.3,0.31,191,3
67,0.3,0.31,192,31
68,0.95,0.07,32,20
68,0.95,0.07,52,37
68,0.95,0.07,54,35
68,0.95,0.07,77,47
68,0.95,0.07,93,14
68,0.95,0.07,102,10
68,0.95,0.07,114,18
68,0.95,0.07,117,3
68,0.95,0.07,118,38
68,0.95,0.07,120,13
68,0.95,0.07,154,45
68,0.95,0.07,174,1
68,0.95,0.07,178,14
69,0.4,0.79,25,14
69,0.4,0.79,45,6
69,0.4,0.79,60,15
69,0.4,0.79,85,38
69,0.4,0.79,88,15
69,0.4,0.79,94,36
69,0.4,0.79,128,7
69,0.4,0.79,137,37
69,0.4,0.79,160,42
69,0.4,0.79,168,20
70,0.8,0.62,2,38
70,0.8,0.62,7,28
70,0.8,0.62,9,10
70,0.8,0.62,10,28
70,0.8,0.62,11,39
70,0.8,0.62,12,28
70,0.8,0.62,21,28
70,0.8,0.62,25,2
70,0.8,0.62,26,35
70,0.8,0.62,27,9
70,0.8,0.62,34,49
70,0.8,0.62,45,40
70,0.8,0.62,71,15
70,0.8,0.62,74,50
70,0.8,0.62,80,28
70,0.8,0.62,82,27
70,0.8,0.62,87,14
70,0.8,0.62,89,8
70,0.8,0.62,92,4
70,0.8,0.62,94,30
70,0.8,0.62,100,3
70,0.8,0.62,103,28
70,0.8,0.62,111,37
70,0.8,0.62,115,19
70,0.8,0.62,120,25
70,0.8,0.62,124,15
70,0.8,0.62,125,27
70,0.8,0.62,127,28
70,0.8,0.62,133,16
70,0.8,0.62,143,33
70,0.8,0.62,147,32
70,0.8,0.62,149,4
70,0.8,0.62,152,1
70,0.8,0.62,157,42
70,0.8,0.62,159,38
70,0.8,0.62,163,28
70,0.8,0.62,164,35
70,0.8,0.62,165,7
70,0.8,0.62,167,2
70,0.8,0.62,172,27
70,0.8,0.62,179,15
70,0.8,0.62,180,16
70,0.8,0.62,181,27
70,0.8,0.62,193,31
71,0.82,0.39,2,13
71,0.82,0.39,11,17
71,0.82,0.39,26,16
71,0.82,0.39,54,4
71,0.82,0.39,57,30
71,0.82,0.39,72,36
71,0.82,0.39,77,21
71,0.82,0.39,80,45
71,0.82,0.39,117,34
71,0.82,0.39,147,43
71,0.82,0.39,152,5
71,0.82,0.39,165,14
71,0.82,0.39,193,41
72,0.69,0.28,11,39
72,0.69,0.28,117,14
72,0.69,0.28,178,16
72,0.69,0.28,193,38
73,0.68,0.32,2,46
73,0.68,0.32,8,10
73,0.68,0.32,9,2
73,0.68,0.32,11,20
73,0.68,0.32,12,40
73,0.68,0.32,18,1
73,0.68,0.32,20,10
73,0.68,0.32,21,23
73,0.68,0.32,26,16
73,0.68,0.32,27,6
73,0.68,0.32,32,48
73,0.68,0.32,33,45
73,0.68,0.32,41,26
73,0.68,0.32,45,29
73,0.68,0.32,54,41
73,0.68,0.32,57,27
73,0.68,0.32,71,45
73,0.68,0.32,72,29
73,0.68,0.32,77,40
73,0.68,0.32,78,38
73,0.68,0.32,80,10
73,0.68,0.32,82,45
73,0.68,0.32,87,5
73,0.68,0.32,89,11
73,0.68,0.32,93,25
73,0.68,0.32,95,24
73,0.68,0.32,98,46
73,0.68,0.32,100,9
73,0.68,0.32,103,11
73,0.68,0.32,106,5
73,0.68,0.32,108,42
73,0.68,0.32,112,49
73,0.68,0.32,114,13
73,0.68,0.32,115,3
73,0.68,0.32,117,18
73,0.68,0.32,118,14
73,0.68,0.32,120,6
73,0.68,0.32,124,6
73,0.68,0.32,125,33
73,0.68,0.32,129,9
73,0.68,0.32,138,39
73,0.68,0.32,143,5
73,0.68,0.32,145,14
73,0.68,0.32,146,48
73,0.68,0.32,149,21
73,0.68,0.32,156,44
73,0.68,0.32,157,49
73,0.68,0.32,159,5
73,0.68,0.32,161,9
73,0.68,0.32,165,40
73,0.68,0.32,166,46
73,0.68,0.32,171,18
73,0.68,0.32,174,3
73,0.68,0.32,176,24
73,0.68,0.32,178,7
73,0.68,0.32,179,25
73,0.68,0.32,186,19
73,0.68,0.32,191,20
73,0.68,0.32,193,25
73,0.68,0.32,194,44
73,0.68,0.32,199,42
74,0.91,0.61,2,25
74,0.91,0.61,7,40
74,0.91,0.61,9,46
74,0.91,0.61,10,43
74,0.91,0.61,25,40
74,0.91,0.61,26,38
74,0.91,0.61,27,33
74,0.91,0.61,71,36
74,0.91,0.61,80,13
74,0.91,0.61,82,50
74,0.91,0.61,87,46
74,0.91,0.61,92,34
74,0.91,0.61,103,32
74,0.91,0.61,115,2
74,0.91,0.61,120,25
74,0.91,0.61,124,9
74,0.91,0.61,127,28
74,0.91,0.61,147,1
74,0.91,0.61,149,9
74,0.91,0.61,152,25
74,0.91,0.61,157,31
74,0.91,0.61,159,41
74,0.91,0.61,163,1
74,0.91,0.61,165,30
74,0.91,0.61,181,43
74,0.91,0.61,193,17
75,0.33,0.31,11,10
75,0.33,0.31,55,39
75,0.33,0.31,61,17
76,0.02,0.54,83,13
77,0.89,0.17,2,46
77,0.89,0.17,72,4
77,0.89,0.17,102,22
77,0.89,0.17,114,29
77,0.89,0.17,117,9
77,0.89,0.17,178,48
78,0.55,0.25,2,31
78,0.55,0.25,8,47
78,0.55,0.25,11,27
78,0.55,0.25,18,19
78,0.55,0.25,22,24
78,0.55,0.25,30,23
78,0.55,0.25,57,29
78,0.55,0.25,62,4
78,0.55,0.25,67,45
78,0.55,0.25,72,9
78,0.55,0.25,75,8
78,0.55,0.25,93,30
78,0.55,0.25,98,22
78,0.55,0.25,107,24
78,0.55,0.25,108,21
78,0.55,0.25,112,28
78,0.55,0.25,114,22
78,0.55,0.25,118,33
78,0.55,0.25,146,27
78,0.55,0.25,156,16
78,0.55,0.25,161,49
78,0.55,0.25,165,45
78,0.55,0.25,166,19
78,0.55,0.25,175,50
78,0.55,0.25,178,46
78,0.55,0.25,191,41
78,0.55,0.25,193,18
79,0.42,0.54,5,10
79,0.42,0.54,6,5
79,0.42,0.54,11,39
79,0.42,0.54,12,35
79,0.42,0.54,13,33
79,0.42,0.54,14,30
79,0.42,0.54,16,45
79,0.42,0.54,18,29
79,0.42,0.54,34,35
79,0.42,0.54,35,13
79,0.42,0.54,40,44
79,0.42,0.54,45,9
79,0.42,0.54,49,42
79,0.42,0.54,50,43
79,0.42,0.54,57,39
79,0.42,0.54,59,18
79,0.42,0.54,60,9
79,0.42,0.54,64,34
79,0.42,0.54,67,5
79,0.42,0.54,69,23
79,0.42,0.54,75,2
79,0.42,0.54,80,6
79,0.42,0.54,81,16
79,0.42,0.54,85,15
79,0.42,0.54,87,2
79,0.42,0.54,94,37
79,0.42,0.54,96,24
79,0.42,0.54,100,21
79,0.42,0.54,108,7
79,0.42,0.54,109,26
79,0.42,0.54,110,29
79,0.42,0.54,111,40
79,0.42,0.54,112,29
79,0.42,0.54,121,1
79,0.42,0.54,128,40
79,0.42,0.54,133,42
79,0.42,0.54,135,31
79,0.42,0.54,138,10
79,0.42,0.54,144,24
79,0.42,0.54,146,40
79,0.42,0.54,150,1
79,0.42,0.54,160,10
79,0.42,0.54,161,28
79,0.42,0.54,171,48
79,0.42,0.54,180,25
79,0.42,0.54,184,41
79,0.42,0.54,185,37
79,0.42,0.54,186,15
79,0.42,0.54,191,19
79,0.42,0.54,192,19
79,0.42,0.54,198,2
80,0.63,0.59,10,35
80,0.63,0.59,11,21
80,0.63,0.59,60,17
80,0.63,0.59,94,2
80,0.63,0.59,193,29
81,0.13,0.58,6,14
81,0.13,0.58,13,41
81,0.13,0.58,31,18
81,0.13,0.58,35,20
81,0.13,0.58,36,7
81,0.13,0.58,64,6
81,0.13,0.58,76,1
81,0.13,0.58,83,36
81,0.13,0.58,84,5
81,0.13,0.58,85,28
81,0.13,0.58,86,8
81,0.13,0.58,91,34
81,0.13,0.58,105,45
81,0.13,0.58,110,46
81,0.13,0.58,128,26
81,0.13,0.58,134,30
81,0.13,0.58,137,48
81,0.13,0.58,160,32
81,0.13,0.58,189,11
81,0.13,0.58,192,31
82,0.91,0.51,2,27
82,0.91,0.51,9,9
82,0.91,0.51,10,7
82,0.91,0.51,26,22
82,0.91,0.51,32,28
82,0.91,0.51,54,8
82,0.91,0.51,71,21
82,0.91,0.51,80,38
82,0.91,0.51,87,1
82,0.91,0.51,92,30
82,0.91,0.51,103,14
82,0.91,0.51,115,30
82,0.91,0.51,117,8
82,0.91,0.51,120,13
82,0.91,0.51,127,17
82,0.91,0.51,147,28
82,0.91,0.51,152,3
82,0.91,0.51,159,22
82,0.91,0.51,163,22
82,0.91,0.51,165,27
82,0.91,0.51,166,39
82,0.91,0.51,174,3
82,0.91,0.51,181,45
82,0.91,0.51,193,14
83,0.1,0.68,85,40
84,0.09,0.4,6,7
84,0.09,0.4,13,37
84,0.09,0.4,36,4
84,0.09,0.4,37,49
84,0.09,0.4,55,23
84,0.09,0.4,61,46
84,0.09,0.4,67,36
84,0.09,0.4,75,10
84,0.09,0.4,76,17
84,0.09,0.4,83,25
84,0.09,0.4,86,24
84,0.09,0.4,105,43
84,0.09,0.4,183,3
84,0.09,0.4,192,28
85,0.29,0.81,-,-
86,0.11,0.47,13,9
86,0.11,0.47,36,13
86,0.11,0.47,61,36
86,0.11,0.47,75,11
86,0.11,0.47,76,35
86,0.11,0.47,83,42
86,0.11,0.47,105,11
86,0.11,0.47,160,16
87,0.62,0.57,2,33
87,0.62,0.57,11,6
87,0.62,0.57,25,30
87,0.62,0.57,26,2
87,0.62,0.57,45,41
87,0.62,0.57,57,49
87,0.62,0.57,60,24
87,0.62,0.57,71,9
87,0.62,0.57,72,36
87,0.62,0.57,80,17
87,0.62,0.57,92,26
87,0.62,0.57,94,38
87,0.62,0.57,108,37
87,0.62,0.57,112,31
87,0.62,0.57,152,10
87,0.62,0.57,165,27
87,0.62,0.57,193,42
88,0.26,0.9,60,27
88,0.26,0.9,83,38
88,0.26,0.9,85,6
89,0.84,0.33,2,38
89,0.84,0.33,8,26
89,0.84,0.33,9,38
89,0.84,0.33,11,39
89,0.84,0.33,12,36
89,0.84,0.33,15,23
89,0.84,0.33,21,38
89,0.84,0.33,26,25
89,0.84,0.33,27,28
89,0.84,0.33,32,38
89,0.84,0.33,52,25
89,0.84,0.33,54,46
89,0.84,0.33,57,20
89,0.84,0.33,68,41
89,0.84,0.33,71,35
89,0.84,0.33,72,48
89,0.84,0.33,74,23
89,0.84,0.33,77,49
89,0.84,0.33,82,26
89,0.84,0.33,93,3
89,0.84,0.33,103,20
89,0.84,0.33,108,11
89,0.84,0.33,114,14
89,0.84,0.33,115,43
89,0.84,0.33,117,35
89,0.84,0.33,120,47
89,0.84,0.33,124,21
89,0.84,0.33,143,41
89,0.84,0.33,149,50
89,0.84,0.33,154,5
89,0.84,0.33,156,44
89,0.84,0.33,157,2
89,0.84,0.33,159,46
89,0.84,0.33,163,43
89,0.84,0.33,165,12
89,0.84,0.33,166,34
89,0.84,0.33,174,4
89,0.84,0.33,178,35
89,0.84,0.33,179,25
89,0.84,0.33,193,23
89,0.84,0.33,199,29
90,0.33,0.87,1,24
90,0.33,0.87,19,7
90,0.33,0.87,31,17
90,0.33,0.87,34,48
90,0.33,0.87,35,2
90,0.33,0.87,44,17
90,0.33,0.87,47,28
90,0.33,0.87,49,18
90,0.33,0.87,59,41
90,0.33,0.87,60,15
90,0.33,0.87,63,40
90,0.33,0.87,64,14
90,0.33,0.87,69,29
90,0.33,0.87,83,36
90,0.33,0.87,85,32
90,0.33,0.87,88,31
90,0.33,0.87,97,16
90,0.33,0.87,101,34
90,0.33,0.87,104,49
90,0.33,0.87,109,10
90,0.33,0.87,110,49
90,0.33,0.87,122,37
90,0.33,0.87,128,42
90,0.33,0.87,132,9
90,0.33,0.87,133,19
90,0.33,0.87,137,44
90,0.33,0.87,150,42
90,0.33,0.87,153,39
90,0.33,0.87,160,37
90,0.33,0.87,162,5
90,0.33,0.87,168,15
90,0.33,0.87,170,31
90,0.33,0.87,173,19
90,0.33,0.87,184,48
90,0.33,0.87,185,19
90,0.33,0.87,197,25
91,0.02,0.83,19,4
91,0.02,0.83,24,41
91,0.02,0.83,36,16
91,0.02,0.83,76,15
91,0.02,0.83,83,8
91,0.02,0.83,85,34
91,0.02,0.83,88,46
91,0.02,0.83,105,40
91,0.02,0.83,137,16
91,0.02,0.83,160,33
92,0.76,0.63,2,3
92,0.76,0.63,10,36
92,0.76,0.63,11,13
92,0.76,0.63,25,38
92,0.76,0.63,26,50
92,0.76,0.63,45,38
92,0.76,0.63,60,13
92,0.76,0.63,71,17
92,0.76,0.63,80,14
92,0.76,0.63,94,7
92,0.76,0.63,147,2
92,0.76,0.63,152,27
92,0.76,0.63,165,6
92,0.76,0.63,167,13
92,0.76,0.63,193,8
93,0.78,0.12,2,12
93,0.78,0.12,8,28
93,0.78,0.12,26,8
93,0.78,0.12,52,41
93,0.78,0.12,54,39
93,0.78,0.12,57,26
93,0.78,0.12,71,10
93,0.78,0.12,72,15
93,0.78,0.12,77,46
93,0.78,0.12,98,48
93,0.78,0.12,102,49
93,0.78,0.12,107,14
93,0.78,0.12,114,45
93,0.78,0.12,117,16
93,0.78,0.12,118,24
93,0.78,0.12,178,49
94,0.61,0.62,-,-
95,0.91,0.3,2,43
95,0.91,0.3,9,48
95,0.91,0.3,15,30
95,0.91,0.3,21,12
95,0.91,0.3,26,11
95,0.91,0.3,27,48
95,0.91,0.3,28,16
95,0.91,0.3,32,45
95,0.91,0.3,52,15
95,0.91,0.3,54,18
95,0.91,0.3,57,33
95,0.91,0.3,68,25
95,0.91,0.3,71,30
95,0.91,0.3,72,36
95,0.91,0.3,77,41
95,0.91,0.3,82,12
95,0.91,0.3,89,15
95,0.91,0.3,93,35
95,0.91,0.3,103,19
95,0.91,0.3,106,11
95,0.91,0.3,114,24
95,0.91,0.3,115,34
95,0.91,0.3,117,37
95,0.91,0.3,120,42
95,0.91,0.3,124,23
95,0.91,0.3,143,12
95,0.91,0.3,145,46
95,0.91,0.3,149,27
95,0.91,0.3,154,6
95,0.91,0.3,156,35
95,0.91,0.3,157,28
95,0.91,0.3,159,19
95,0.91,0.3,163,15
95,0.91,0.3,164,49
95,0.91,0.3,165,45
95,0.91,0.3,166,19
95,0.91,0.3,174,30
95,0.91,0.3,178,6
95,0.91,0.3,179,23
95,0.91,0.3,193,46
96,0.46,0.53,5,29
96,0.46,0.53,6,50
96,0.46,0.53,11,7
96,0.46,0.53,12,7
96,0.46,0.53,13,21
96,0.46,0.53,14,20
96,0.46,0.53,18,10
96,0.46,0.53,34,23
96,0.46,0.53,35,25
96,0.46,0.53,40,38
96,0.46,0.53,45,38
96,0.46,0.53,49,47
96,0.46,0.53,57,15
96,0.46,0.53,60,4
96,0.46,0.53,64,2
96,0.46,0.53,67,28
96,0.46,0.53,69,1
96,0.46,0.53,75,39
96,0.46,0.53,78,27
96,0.46,0.53,80,35
96,0.46,0.53,87,10
96,0.46,0.53,94,4
96,0.46,0.53,100,17
96,0.46,0.53,108,21
96,0.46,0.53,109,39
96,0.46,0.53,110,47
96,0.46,0.53,111,13
96,0.46,0.53,112,6
96,0.46,0.53,121,13
96,0.46,0.53,125,10
96,0.46,0.53,127,47
96,0.46,0.53,128,40
96,0.46,0.53,133,28
96,0.46,0.53,135,45
96,0.46,0.53,138,1
96,0.46,0.53,143,29
96,0.46,0.53,146,25
96,0.46,0.53,150,43
96,0.46,0.53,161,34
96,0.46,0.53,165,14
96,0.46,0.53,171,15
96,0.46,0.53,181,1
96,0.46,0.53,184,48
96,0.46,0.53,185,41
96,0.46,0.53,191,9
96,0.46,0.53,192,30
96,0.46,0.53,193,38
96,0.46,0.53,198,31
96,0.46,0.53,199,23
97,0.54,0.89,1,34
97,0.54,0.89,25,31
97,0.54,0.89,42,35
97,0.54,0.89,48,49
97,0.54,0.89,60,16
97,0.54,0.89,63,28
97,0.54,0.89,69,5
97,0.54,0.89,85,47
97,0.54,0.89,88,20
97,0.54,0.89,94,48
97,0.54,0.89,111,7
97,0.54,0.89,122,32
97,0.54,0.89,123,14
97,0.54,0.89,127,8
97,0.54,0.89,128,27
97,0.54,0.89,133,22
97,0.54,0.89,167,50
97,0.54,0.89,168,17
97,0.54,0.89,181,3
97,0.54,0.89,184,28
97,0.54,0.89,185,29
98,0.64,0.04,8,31
98,0.64,0.04,22,31
98,0.64,0.04,30,24
98,0.64,0.04,52,27
98,0.64,0.04,62,19
98,0.64,0.04,72,12
98,0.64,0.04,77,48
98,0.64,0.04,107,36
98,0.64,0.04,114,33
98,0.64,0.04,118,43
98,0.64,0.04,178,48
99,0.89,0.98,10,33
99,0.89,0.98,25,19
99,0.89,0.98,42,19
99,0.89,0.98,48,38
99,0.89,0.98,123,7
99,0.89,0.98,158,3
99,0.89,0.98,167,31
99,0.89,0.98,172,21
100,0.62,0.41,2,11
100,0.62,0.41,8,15
100,0.62,0.41,9,14
100,0.62,0.41,11,6
100,0.62,0.41,12,24
100,0.62,0.41,14,14
100,0.62,0.41,18,33
100,0.62,0.41,21,47
100,0.62,0.41,26,12
100,0.62,0.41,27,28
100,0.62,0.41,32,1
100,0.62,0.41,33,35
100,0.62,0.41,41,7
100,0.62,0.41,45,9
100,0.62,0.41,57,42
100,0.62,0.41,71,36
100,0.62,0.41,72,38
100,0.62,0.41,78,14
100,0.62,0.41,80,11
100,0.62,0.41,87,20
100,0.62,0.41,89,34
100,0.62,0.41,92,5
100,0.62,0.41,94,38
100,0.62,0.41,103,8
100,0.62,0.41,106,4
100,0.62,0.41,108,29
100,0.62,0.41,112,38
100,0.62,0.41,115,15
100,0.62,0.41,120,28
100,0.62,0.41,121,48
100,0.62,0.41,124,33
100,0.62,0.41,125,50
100,0.62,0.41,127,16
100,0.62,0.41,135,15
100,0.62,0.41,138,42
100,0.62,0.41,143,39
100,0.62,0.41,145,18
100,0.62,0.41,146,42
100,0.62,0.41,149,43
100,0.62,0.41,152,48
100,0.62,0.41,156,15
100,0.62,0.41,157,48
100,0.62,0.41,159,28
100,0.62,0.41,161,18
100,0.62,0.41,165,31
100,0.62,0.41,166,3
100,0.62,0.41,171,6
100,0.62,0.41,174,37
100,0.62,0.41,176,13
100,0.62,0.41,179,10
100,0.62,0.41,181,45
100,0.62,0.41,191,50
100,0.62,0.41,193,32
100,0.62,0.41,198,35
100,0.62,0.41,199,20
101,0.3,0.71,1,21
101,0.3,0.71,5,2
101,0.3,0.71,6,4
101,0.3,0.71,13,24
101,0.3,0.71,14,43
101,0.3,0.71,18,49
101,0.3,0.71,19,25
101,0.3,0.71,31,48
101,0.3,0.71,34,49
101,0.3,0.71,35,15
101,0.3,0.71,36,2
101,0.3,0.71,40,48
101,0.3,0.71,44,50
101,0.3,0.71,45,9
101,0.3,0.71,47,48
101,0.3,0.71,49,37
101,0.3,0.71,59,27
101,0.3,0.71,60,49
101,0.3,0.71,63,17
101,0.3,0.71,64,46
101,0.3,0.71,69,41
101,0.3,0.71,79,30
101,0.3,0.71,81,29
101,0.3,0.71,83,12
101,0.3,0.71,85,38
101,0.3,0.71,88,50
101,0.3,0.71,96,43
101,0.3,0.71,104,50
101,0.3,0.71,109,39
101,0.3,0.71,110,42
101,0.3,0.71,121,49
101,0.3,0.71,122,17
101,0.3,0.71,128,34
101,0.3,0.71,132,17
101,0.3,0.71,133,21
101,0.3,0.71,135,28
101,0.3,0.71,137,4
101,0.3,0.71,144,29
101,0.3,0.71,146,38
101,0.3,0.71,150,20
101,0.3,0.71,151,12
101,0.3,0.71,153,39
101,0.3,0.71,155,35
101,0.3,0.71,160,26
101,0.3,0.71,162,2
101,0.3,0.71,168,35
101,0.3,0.71,173,25
101,0.3,0.71,184,10
101,0.3,0.71,185,14
101,0.3,0.71,188,25
101,0.3,0.71,189,12
101,0.3,0.71,192,24
101,0.3,0.71,196,13
101,0.3,0.71,197,3
102,0.96,0,117,33
102,0.96,0,178,45
103,0.78,0.46,2,40
103,0.78,0.46,8,27
103,0.78,0.46,9,36
103,0.78,0.46,10,12
103,0.78,0.46,11,28
103,0.78,0.46,26,18
103,0.78,0.46,45,1
103,0.78,0.46,54,37
103,0.78,0.46,57,46
103,0.78,0.46,71,49
103,0.78,0.46,72,35
103,0.78,0.46,80,17
103,0.78,0.46,87,28
103,0.78,0.46,92,12
103,0.78,0.46,94,1
103,0.78,0.46,108,11
103,0.78,0.46,115,32
103,0.78,0.46,117,2
103,0.78,0.46,120,13
103,0.78,0.46,146,10
103,0.78,0.46,147,48
103,0.78,0.46,152,41
103,0.78,0.46,159,33
103,0.78,0.46,163,26
103,0.78,0.46,165,23
103,0.78,0.46,181,17
103,0.78,0.46,193,47
104,0.19,0.84,1,29
104,0.19,0.84,19,19
104,0.19,0.84,24,48
104,0.19,0.84,31,4
104,0.19,0.84,35,20
104,0.19,0.84,36,42
104,0.19,0.84,63,39
104,0.19,0.84,64,44
104,0.19,0.84,69,13
104,0.19,0.84,81,39
104,0.19,0.84,83,44
104,0.19,0.84,85,34
104,0.19,0.84,88,3
104,0.19,0.84,91,35
104,0.19,0.84,110,47
104,0.19,0.84,122,17
104,0.19,0.84,128,38
104,0.19,0.84,131,2
104,0.19,0.84,137,14
104,0.19,0.84,151,25
104,0.19,0.84,160,40
104,0.19,0.84,168,7
104,0.19,0.84,185,9
104,0.19,0.84,189,7
105,0.01,0.57,36,44
105,0.01,0.57,76,33
105,0.01,0.57,83,24
105,0.01,0.57,137,37
106,0.63,0.26,2,7
106,0.63,0.26,8,35
106,0.63,0.26,11,39
106,0.63,0.26,18,7
106,0.63,0.26,21,14
106,0.63,0.26,22,29
106,0.63,0.26,26,18
106,0.63,0.26,27,5
106,0.63,0.26,32,28
106,0.63,0.26,33,18
106,0.63,0.26,41,28
106,0.63,0.26,56,8
106,0.63,0.26,57,33
106,0.63,0.26,71,41
106,0.63,0.26,72,17
106,0.63,0.26,77,18
106,0.63,0.26,78,34
106,0.63,0.26,89,43
106,0.63,0.26,93,7
106,0.63,0.26,98,19
106,0.63,0.26,103,17
106,0.63,0.26,107,8
106,0.63,0.26,108,22
106,0.63,0.26,112,23
106,0.63,0.26,114,6
106,0.63,0.26,115,30
106,0.63,0.26,118,33
106,0.63,0.26,120,40
106,0.63,0.26,124,13
106,0.63,0.26,129,12
106,0.63,0.26,138,32
106,0.63,0.26,141,41
106,0.63,0.26,143,45
106,0.63,0.26,145,49
106,0.63,0.26,156,31
106,0.63,0.26,157,38
106,0.63,0.26,159,1
106,0.63,0.26,161,37
106,0.63,0.26,165,45
106,0.63,0.26,166,6
106,0.63,0.26,174,21
106,0.63,0.26,175,37
106,0.63,0.26,176,1
106,0.63,0.26,178,40
106,0.63,0.26,179,25
106,0.63,0.26,191,49
106,0.63,0.26,193,49
106,0.63,0.26,194,30
106,0.63,0.26,199,30
107,0.56,0.02,8,35
107,0.56,0.02,22,25
107,0.56,0.02,30,4
107,0.56,0.02,72,6
107,0.56,0.02,114,35
107,0.56,0.02,118,35
107,0.56,0.02,178,45
108,0.57,0.35,2,30
108,0.57,0.35,11,42
108,0.57,0.35,13,8
108,0.57,0.35,22,6
108,0.57,0.35,26,8
108,0.57,0.35,45,35
108,0.57,0.35,57,29
108,0.57,0.35,71,14
108,0.57,0.35,72,11
108,0.57,0.35,75,39
108,0.57,0.35,80,44
108,0.57,0.35,94,39
108,0.57,0.35,112,19
108,0.57,0.35,165,47
108,0.57,0.35,178,7
108,0.57,0.35,193,26
109,0.22,0.6,6,14
109,0.22,0.6,13,30
109,0.22,0.6,14,49
109,0.22,0.6,18,48
109,0.22,0.6,19,43
109,0.22,0.6,29,15
109,0.22,0.6,31,29
109,0.22,0.6,35,40
109,0.22,0.6,36,18
109,0.22,0.6,40,42
109,0.22,0.6,45,50
109,0.22,0.6,49,7
109,0.22,0.6,50,34
109,0.22,0.6,53,21
109,0.22,0.6,63,2
109,0.22,0.6,64,41
109,0.22,0.6,69,11
109,0.22,0.6,76,9
109,0.22,0.6,81,49
109,0.22,0.6,83,5
109,0.22,0.6,84,45
109,0.22,0.6,85,2
109,0.22,0.6,86,16
109,0.22,0.6,104,32
109,0.22,0.6,105,2
109,0.22,0.6,110,27
109,0.22,0.6,121,22
109,0.22,0.6,128,29
109,0.22,0.6,131,50
109,0.22,0.6,132,35
109,0.22,0.6,134,40
109,0.22,0.6,135,39
109,0.22,0.6,136,26
109,0.22,0.6,137,27
109,0.22,0.6,146,17
109,0.22,0.6,150,8
109,0.22,0.6,151,38
109,0.22,0.6,155,47
109,0.22,0.6,160,42
109,0.22,0.6,185,23
109,0.22,0.6,188,12
109,0.22,0.6,189,13
109,0.22,0.6,191,43
109,0.22,0.6,192,39
109,0.22,0.6,196,49
110,0.24,0.66,1,36
110,0.24,0.66,6,16
110,0.24,0.66,13,26
110,0.24,0.66,18,3
110,0.24,0.66,19,44
110,0.24,0.66,31,12
110,0.24,0.66,35,22
110,0.24,0.66,36,48
110,0.24,0.66,45,6
110,0.24,0.66,60,13
110,0.24,0.66,63,1
110,0.24,0.66,64,23
110,0.24,0.66,69,35
110,0.24,0.66,76,16
110,0.24,0.66,83,10
110,0.24,0.66,85,7
110,0.24,0.66,86,35
110,0.24,0.66,88,37
110,0.24,0.66,91,20
110,0.24,0.66,105,11
110,0.24,0.66,128,11
110,0.24,0.66,137,5
110,0.24,0.66,146,19
110,0.24,0.66,160,11
110,0.24,0.66,168,41
110,0.24,0.66,185,38
110,0.24,0.66,189,38
110,0.24,0.66,192,27
111,0.61,0.76,10,29
111,0.61,0.76,25,30
111,0.61,0.76,42,31
111,0.61,0.76,45,30
111,0.61,0.76,60,5
111,0.61,0.76,69,30
111,0.61,0.76,80,30
111,0.61,0.76,87,43
111,0.61,0.76,92,50
111,0.61,0.76,94,7
111,0.61,0.76,123,1
111,0.61,0.76,128,30
111,0.61,0.76,146,47
111,0.61,0.76,152,45
111,0.61,0.76,167,26
111,0.61,0.76,168,23
111,0.61,0.76,181,13
111,0.61,0.76,185,5
112,0.5,0.34,2,47
112,0.5,0.34,11,21
112,0.5,0.34,13,2
112,0.5,0.34,45,37
112,0.5,0.34,72,32
112,0.5,0.34,75,4
112,0.5,0.34,80,36
112,0.5,0.34,165,13
112,0.5,0.34,193,3
113,0.33,0.03,22,25
113,0.33,0.03,30,3
113,0.33,0.03,55,2
113,0.33,0.03,75,40
113,0.33,0.03,107,50
113,0.33,0.03,139,5
113,0.33,0.03,140,2
113,0.33,0.03,169,31
114,0.76,0.06,72,47
114,0.76,0.06,102,40
114,0.76,0.06,117,22
114,0.76,0.06,178,41
115,0.76,0.48,2,3
115,0.76,0.48,10,39
115,0.76,0.48,11,40
115,0.76,0.48,26,33
115,0.76,0.48,45,4
115,0.76,0.48,54,23
115,0.76,0.48,57,16
115,0.76,0.48,71,37
115,0.76,0.48,72,10
115,0.76,0.48,80,36
115,0.76,0.48,87,29
115,0.76,0.48,92,36
115,0.76,0.48,94,40
115,0.76,0.48,108,37
115,0.76,0.48,112,16
115,0.76,0.48,117,15
115,0.76,0.48,147,31
115,0.76,0.48,152,36
115,0.76,0.48,165,25
115,0.76,0.48,191,7
115,0.76,0.48,193,41
116,0.22,0.04,17,45
116,0.22,0.04,22,36
116,0.22,0.04,30,23
116,0.22,0.04,37,1
116,0.22,0.04,38,22
116,0.22,0.04,39,10
116,0.22,0.04,55,33
116,0.22,0.04,61,39
116,0.22,0.04,62,9
116,0.22,0.04,67,39
116,0.22,0.04,75,34
116,0.22,0.04,113,16
116,0.22,0.04,139,46
116,0.22,0.04,140,7
116,0.22,0.04,169,6
116,0.22,0.04,175,35
116,0.22,0.04,183,16
117,0.93,0.24,178,11
117,0.93,0.24,193,18
118,0.7,0.05,8,24
118,0.7,0.05,30,29
118,0.7,0.05,52,36
118,0.7,0.05,57,44
118,0.7,0.05,72,31
118,0.7,0.05,77,36
118,0.7,0.05,102,39
118,0.7,0.05,114,6
118,0.7,0.05,117,30
118,0.7,0.05,178,32
119,0.11,0.29,6,21
119,0.11,0.29,13,49
119,0.11,0.29,17,26
119,0.11,0.29,29,24
119,0.11,0.29,37,23
119,0.11,0.29,39,46
119,0.11,0.29,50,9
119,0.11,0.29,51,40
119,0.11,0.29,53,23
119,0.11,0.29,55,23
119,0.11,0.29,61,19
119,0.11,0.29,66,47
119,0.11,0.29,67,45
119,0.11,0.29,75,3
119,0.11,0.29,76,42
119,0.11,0.29,81,34
119,0.11,0.29,84,20
119,0.11,0.29,86,13
119,0.11,0.29,105,21
119,0.11,0.29,116,9
119,0.11,0.29,134,9
119,0.11,0.29,136,29
119,0.11,0.29,139,18
119,0.11,0.29,140,4
119,0.11,0.29,155,27
119,0.11,0.29,169,36
119,0.11,0.29,183,34
119,0.11,0.29,187,48
119,0.11,0.29,188,31
119,0.11,0.29,190,16
119,0.11,0.29,192,3
120,0.88,0.34,2,15
120,0.88,0.34,26,40
120,0.88,0.34,52,10
120,0.88,0.34,54,12
120,0.88,0.34,57,1
120,0.88,0.34,71,29
120,0.88,0.34,72,50
120,0.88,0.34,77,7
120,0.88,0.34,93,26
120,0.88,0.34,115,30
120,0.88,0.34,117,1
120,0.88,0.34,147,39
120,0.88,0.34,163,21
120,0.88,0.34,165,28
120,0.88,0.34,193,2
121,0.37,0.42,6,24
121,0.37,0.42,8,10
121,0.37,0.42,11,10
121,0.37,0.42,13,10
121,0.37,0.42,18,10
121,0.37,0.42,22,23
121,0.37,0.42,35,43
121,0.37,0.42,40,29
121,0.37,0.42,41,9
121,0.37,0.42,45,48
121,0.37,0.42,50,50
121,0.37,0.42,53,36
121,0.37,0.42,57,11
121,0.37,0.42,64,2
121,0.37,0.42,67,30
121,0.37,0.42,75,5
121,0.37,0.42,78,2
121,0.37,0.42,81,23
121,0.37,0.42,84,21
121,0.37,0.42,86,47
121,0.37,0.42,87,43
121,0.37,0.42,108,43
121,0.37,0.42,110,37
121,0.37,0.42,112,24
121,0.37,0.42,119,15
121,0.37,0.42,135,3
121,0.37,0.42,138,1
121,0.37,0.42,146,41
121,0.37,0.42,150,34
121,0.37,0.42,155,8
121,0.37,0.42,156,39
121,0.37,0.42,161,26
121,0.37,0.42,175,47
121,0.37,0.42,183,33
121,0.37,0.42,188,8
121,0.37,0.42,191,38
121,0.37,0.42,192,47
121,0.37,0.42,199,48
122,0.47,0.86,1,49
122,0.47,0.86,25,2
122,0.47,0.86,35,6
122,0.47,0.86,60,37
122,0.47,0.86,63,39
122,0.47,0.86,69,36
122,0.47,0.86,85,15
122,0.47,0.86,88,44
122,0.47,0.86,94,19
122,0.47,0.86,111,13
122,0.47,0.86,123,4
122,0.47,0.86,128,33
122,0.47,0.86,133,42
122,0.47,0.86,160,29
122,0.47,0.86,168,22
122,0.47,0.86,181,16
122,0.47,0.86,184,43
122,0.47,0.86,185,22
123,0.73,0.97,167,10
124,0.81,0.49,2,7
124,0.81,0.49,7,21
124,0.81,0.49,9,16
124,0.81,0.49,10,35
124,0.81,0.49,11,15
124,0.81,0.49,26,48
124,0.81,0.49,27,1
124,0.81,0.49,32,34
124,0.81,0.49,54,38
124,0.81,0.49,57,34
124,0.81,0.49,71,40
124,0.81,0.49,72,50
124,0.81,0.49,80,20
124,0.81,0.49,82,39
124,0.81,0.49,87,37
124,0.81,0.49,92,38
124,0.81,0.49,94,15
124,0.81,0.49,103,40
124,0.81,0.49,108,18
124,0.81,0.49,115,30
124,0.81,0.49,117,40
124,0.81,0.49,120,27
124,0.81,0.49,127,23
124,0.81,0.49,147,18
124,0.81,0.49,149,10
124,0.81,0.49,152,23
124,0.81,0.49,156,12
124,0.81,0.49,157,24
124,0.81,0.49,159,9
124,0.81,0.49,163,30
124,0.81,0.49,165,35
124,0.81,0.49,166,10
124,0.81,0.49,174,48
124,0.81,0.49,181,17
124,0.81,0.49,193,21
125,0.72,0.57,2,45
125,0.72,0.57,7,17
125,0.72,0.57,9,10
125,0.72,0.57,10,9
125,0.72,0.57,11,37
125,0.72,0.57,12,50
125,0.72,0.57,21,39
125,0.72,0.57,25,7
125,0.72,0.57,26,2
125,0.72,0.57,27,43
125,0.72,0.57,34,43
125,0.72,0.57,45,18
125,0.72,0.57,49,21
125,0.72,0.57,57,8
125,0.72,0.57,60,44
125,0.72,0.57,71,21
125,0.72,0.57,72,35
125,0.72,0.57,74,1
125,0.72,0.57,80,42
125,0.72,0.57,82,5
125,0.72,0.57,87,22
125,0.72,0.57,89,21
125,0.72,0.57,92,15
125,0.72,0.57,94,14
125,0.72,0.57,103,17
125,0.72,0.57,108,26
125,0.72,0.57,111,14
125,0.72,0.57,115,38
125,0.72,0.57,120,41
125,0.72,0.57,124,19
125,0.72,0.57,127,23
125,0.72,0.57,133,4
125,0.72,0.57,138,20
125,0.72,0.57,143,7
125,0.72,0.57,146,35
125,0.72,0.57,147,5
125,0.72,0.57,149,3
125,0.72,0.57,152,50
125,0.72,0.57,157,25
125,0.72,0.57,159,49
125,0.72,0.57,163,40
125,0.72,0.57,164,46
125,0.72,0.57,165,48
125,0.72,0.57,166,26
125,0.72,0.57,179,45
125,0.72,0.57,181,12
125,0.72,0.57,184,2
125,0.72,0.57,191,33
125,0.72,0.57,193,15
126,0.99,0.12,15,45
126,0.99,0.12,27,14
126,0.99,0.12,28,23
126,0.99,0.12,32,30
126,0.99,0.12,52,27
126,0.99,0.12,54,34
126,0.99,0.12,68,3
126,0.99,0.12,77,12
126,0.99,0.12,89,19
126,0.99,0.12,93,29
126,0.99,0.12,95,6
126,0.99,0.12,102,15
126,0.99,0.12,114,17
126,0.99,0.12,117,11
126,0.99,0.12,118,30
126,0.99,0.12,120,9
126,0.99,0.12,129,32
126,0.99,0.12,145,35
126,0.99,0.12,154,13
126,0.99,0.12,159,26
126,0.99,0.12,166,47
126,0.99,0.12,174,46
126,0.99,0.12,178,44
127,0.69,0.68,9,43
127,0.69,0.68,10,34
127,0.69,0.68,11,33
127,0.69,0.68,25,16
127,0.69,0.68,26,9
127,0.69,0.68,42,5
127,0.69,0.68,45,29
127,0.69,0.68,60,27
127,0.69,0.68,80,49
127,0.69,0.68,87,50
127,0.69,0.68,92,4
127,0.69,0.68,94,30
127,0.69,0.68,103,25
127,0.69,0.68,111,17
127,0.69,0.68,115,42
127,0.69,0.68,122,24
127,0.69,0.68,123,46
127,0.69,0.68,133,40
127,0.69,0.68,146,40
127,0.69,0.68,147,47
127,0.69,0.68,152,18
127,0.69,0.68,163,38
127,0.69,0.68,165,49
127,0.69,0.68,167,19
127,0.69,0.68,181,12
127,0.69,0.68,184,23
127,0.69,0.68,193,49
128,0.36,0.77,60,38
128,0.36,0.77,83,42
128,0.36,0.77,85,47
128,0.36,0.77,88,21
128,0.36,0.77,94,15
128,0.36,0.77,137,23
129,0.76,0.04,8,49
129,0.76,0.04,32,15
129,0.76,0.04,33,41
129,0.76,0.04,41,21
129,0.76,0.04,52,32
129,0.76,0.04,56,14
129,0.76,0.04,68,44
129,0.76,0.04,72,15
129,0.76,0.04,77,29
129,0.76,0.04,78,26
129,0.76,0.04,93,33
129,0.76,0.04,98,4
129,0.76,0.04,102,20
129,0.76,0.04,107,23
129,0.76,0.04,114,50
129,0.76,0.04,117,37
129,0.76,0.04,118,26
129,0.76,0.04,154,27
129,0.76,0.04,156,20
129,0.76,0.04,166,22
129,0.76,0.04,174,26
129,0.76,0.04,178,13
129,0.76,0.04,194,24
130,0.92,0.21,2,10
130,0.92,0.21,15,16
130,0.92,0.21,21,47
130,0.92,0.21,26,23
130,0.92,0.21,27,49
130,0.92,0.21,28,43
130,0.92,0.21,32,22
130,0.92,0.21,52,3
130,0.92,0.21,54,37
130,0.92,0.21,68,4
130,0.92,0.21,71,14
130,0.92,0.21,72,25
130,0.92,0.21,73,35
130,0.92,0.21,77,1
130,0.92,0.21,89,17
130,0.92,0.21,93,37
130,0.92,0.21,95,31
130,0.92,0.21,102,14
130,0.92,0.21,103,46
130,0.92,0.21,106,43
130,0.92,0.21,114,47
130,0.92,0.21,117,23
130,0.92,0.21,118,6
130,0.92,0.21,120,49
130,0.92,0.21,126,49
130,0.92,0.21,129,44
130,0.92,0.21,143,44
130,0.92,0.21,145,3
130,0.92,0.21,154,27
130,0.92,0.21,157,47
130,0.92,0.21,159,45
130,0.92,0.21,164,45
130,0.92,0.21,166,25
130,0.92,0.21,174,19
130,0.92,0.21,178,19
130,0.92,0.21,179,23
131,0.01,0.62,6,17
131,0.01,0.62,24,24
131,0.01,0.62,31,44
131,0.01,0.62,35,11
131,0.01,0.62,36,45
131,0.01,0.62,76,9
131,0.01,0.62,81,7
131,0.01,0.62,83,37
131,0.01,0.62,84,26
131,0.01,0.62,86,21
131,0.01,0.62,91,3
131,0.01,0.62,105,27
131,0.01,0.62,110,50
131,0.01,0.62,134,14
131,0.01,0.62,137,9
131,0.01,0.62,151,38
131,0.01,0.62,160,30
131,0.01,0.62,189,17
131,0.01,0.62,192,21
132,0.14,0.86,1,21
132,0.14,0.86,19,20
132,0.14,0.86,24,24
132,0.14,0.86,31,42
132,0.14,0.86,35,46
132,0.14,0.86,36,46
132,0.14,0.86,63,27
132,0.14,0.86,64,44
132,0.14,0.86,69,6
132,0.14,0.86,81,45
132,0.14,0.86,83,15
132,0.14,0.86,85,4
132,0.14,0.86,88,40
132,0.14,0.86,91,37
132,0.14,0.86,104,44
132,0.14,0.86,110,29
132,0.14,0.86,128,21
132,0.14,0.86,131,47
132,0.14,0.86,137,49
132,0.14,0.86,151,3
132,0.14,0.86,160,25
132,0.14,0.86,162,47
132,0.14,0.86,168,20
132,0.14,0.86,185,4
132,0.14,0.86,189,13
132,0.14,0.86,196,1
133,0.59,0.76,1,32
133,0.59,0.76,10,42
133,0.59,0.76,25,37
133,0.59,0.76,42,10
133,0.59,0.76,45,29
133,0.59,0.76,60,8
133,0.59,0.76,63,49
133,0.59,0.76,69,50
133,0.59,0.76,80,50
133,0.59,0.76,87,29
133,0.59,0.76,92,6
133,0.59,0.76,94,36
133,0.59,0.76,111,15
133,0.59,0.76,123,12
133,0.59,0.76,128,29
133,0.59,0.76,146,31
133,0.59,0.76,152,43
133,0.59,0.76,167,10
133,0.59,0.76,168,47
133,0.59,0.76,181,32
133,0.59,0.76,185,25
134,0.02,0.46,6,34
134,0.02,0.46,13,6
134,0.02,0.46,31,20
134,0.02,0.46,36,41
134,0.02,0.46,61,25
134,0.02,0.46,76,8
134,0.02,0.46,83,23
134,0.02,0.46,84,43
134,0.02,0.46,86,35
134,0.02,0.46,105,20
134,0.02,0.46,110,47
134,0.02,0.46,189,16
134,0.02,0.46,192,38
135,0.39,0.49,6,6
135,0.39,0.49,11,27
135,0.39,0.49,13,28
135,0.39,0.49,18,48
135,0.39,0.49,35,15
135,0.39,0.49,45,45
135,0.39,0.49,57,25
135,0.39,0.49,60,9
135,0.39,0.49,64,14
135,0.39,0.49,67,23
135,0.39,0.49,75,46
135,0.39,0.49,78,39
135,0.39,0.49,80,9
135,0.39,0.49,81,28
135,0.39,0.49,86,15
135,0.39,0.49,87,21
135,0.39,0.49,94,38
135,0.39,0.49,108,8
135,0.39,0.49,110,45
135,0.39,0.49,112,46
135,0.39,0.49,128,44
135,0.39,0.49,146,21
135,0.39,0.49,160,36
135,0.39,0.49,161,39
135,0.39,0.49,185,18
135,0.39,0.49,191,23
135,0.39,0.49,192,1
136,0.01,0.44,6,37
136,0.01,0.44,29,27
136,0.01,0.44,36,41
136,0.01,0.44,50,15
136,0.01,0.44,51,27
136,0.01,0.44,53,49
136,0.01,0.44,61,29
136,0.01,0.44,76,24
136,0.01,0.44,81,50
136,0.01,0.44,83,47
136,0.01,0.44,84,19
136,0.01,0.44,86,34
136,0.01,0.44,105,11
136,0.01,0.44,131,35
136,0.01,0.44,134,2
136,0.01,0.44,151,40
136,0.01,0.44,189,3
136,0.01,0.44,192,13
137,0.11,0.82,36,39
137,0.11,0.82,76,30
137,0.11,0.82,83,27
137,0.11,0.82,85,44
137,0.11,0.82,88,47
138,0.6,0.39,2,15
138,0.6,0.39,8,25
138,0.6,0.39,11,12
138,0.6,0.39,12,42
138,0.6,0.39,13,48
138,0.6,0.39,18,8
138,0.6,0.39,21,14
138,0.6,0.39,26,4
138,0.6,0.39,27,47
138,0.6,0.39,33,50
138,0.6,0.39,41,41
138,0.6,0.39,45,11
138,0.6,0.39,57,1
138,0.6,0.39,71,17
138,0.6,0.39,72,3
138,0.6,0.39,75,41
138,0.6,0.39,78,48
138,0.6,0.39,80,35
138,0.6,0.39,87,45
138,0.6,0.39,89,13
138,0.6,0.39,92,44
138,0.6,0.39,94,11
138,0.6,0.39,103,17
138,0.6,0.39,108,4
138,0.6,0.39,112,35
138,0.6,0.39,115,16
138,0.6,0.39,120,23
138,0.6,0.39,124,28
138,0.6,0.39,135,49
138,0.6,0.39,143,1
138,0.6,0.39,146,1
138,0.6,0.39,149,26
138,0.6,0.39,156,49
138,0.6,0.39,157,50
138,0.6,0.39,159,50
138,0.6,0.39,161,7
138,0.6,0.39,165,3
138,0.6,0.39,166,35
138,0.6,0.39,174,36
138,0.6,0.39,175,17
138,0.6,0.39,179,33
138,0.6,0.39,191,40
138,0.6,0.39,193,17
138,0.6,0.39,199,14
139,0.04,0.1,55,35
139,0.04,0.1,61,14
139,0.04,0.1,169,21
140,0.16,0.05,22,43
140,0.16,0.05,30,41
140,0.16,0.05,38,40
140,0.16,0.05,39,7
140,0.16,0.05,55,28
140,0.16,0.05,61,33
140,0.16,0.05,139,28
140,0.16,0.05,169,39
141,0.39,0.11,8,13
141,0.39,0.11,17,50
141,0.39,0.11,22,46
141,0.39,0.11,30,23
141,0.39,0.11,33,5
141,0.39,0.11,41,28
141,0.39,0.11,55,10
141,0.39,0.11,56,44
141,0.39,0.11,62,2
141,0.39,0.11,66,38
141,0.39,0.11,67,25
141,0.39,0.11,75,3
141,0.39,0.11,78,45
141,0.39,0.11,98,33
141,0.39,0.11,107,16
141,0.39,0.11,108,26
141,0.39,0.11,112,35
141,0.39,0.11,113,40
141,0.39,0.11,116,29
141,0.39,0.11,140,11
141,0.39,0.11,156,36
141,0.39,0.11,161,10
141,0.39,0.11,169,9
141,0.39,0.11,175,19
141,0.39,0.11,183,28
141,0.39,0.11,190,19
141,0.39,0.11,194,4
142,0,0.83,19,44
142,0,0.83,24,8
142,0,0.83,31,31
142,0,0.83,36,30
142,0,0.83,76,35
142,0,0.83,81,27
142,0,0.83,83,50
142,0,0.83,85,14
142,0,0.83,88,32
142,0,0.83,91,50
142,0,0.83,104,17
142,0,0.83,105,41
142,0,0.83,110,3
142,0,0.83,131,14
142,0,0.83,132,43
142,0,0.83,137,14
142,0,0.83,150,29
142,0,0.83,151,11
142,0,0.83,160,45
142,0,0.83,188,42
142,0,0.83,189,31
142,0,0.83,196,14
143,0.72,0.4,2,16
143,0.72,0.4,8,42
143,0.72,0.4,9,32
143,0.72,0.4,11,1
143,0.72,0.4,18,4
143,0.72,0.4,26,13
143,0.72,0.4,27,22
143,0.72,0.4,32,3
143,0.72,0.4,33,3
143,0.72,0.4,41,9
143,0.72,0.4,45,9
143,0.72,0.4,54,33
143,0.72,0.4,57,36
143,0.72,0.4,71,38
143,0.72,0.4,72,46
143,0.72,0.4,74,21
143,0.72,0.4,77,23
143,0.72,0.4,78,26
143,0.72,0.4,80,43
143,0.72,0.4,82,49
143,0.72,0.4,87,5
143,0.72,0.4,92,40
143,0.72,0.4,93,26
143,0.72,0.4,94,21
143,0.72,0.4,103,31
143,0.72,0.4,108,41
143,0.72,0.4,112,6
143,0.72,0.4,115,9
143,0.72,0.4,117,45
143,0.72,0.4,120,34
143,0.72,0.4,124,3
143,0.72,0.4,127,44
143,0.72,0.4,146,46
143,0.72,0.4,149,30
143,0.72,0.4,152,15
143,0.72,0.4,156,46
143,0.72,0.4,157,10
143,0.72,0.4,159,20
143,0.72,0.4,163,33
143,0.72,0.4,165,49
143,0.72,0.4,166,28
143,0.72,0.4,174,17
143,0.72,0.4,181,11
143,0.72,0.4,191,17
143,0.72,0.4,193,33
144,0.13,0.55,6,14
144,0.13,0.55,13,46
144,0.13,0.55,14,20
144,0.13,0.55,29,47
144,0.13,0.55,31,10
144,0.13,0.55,35,37
144,0.13,0.55,36,47
144,0.13,0.55,40,16
144,0.13,0.55,50,29
144,0.13,0.55,51,4
144,0.13,0.55,53,41
144,0.13,0.55,64,10
144,0.13,0.55,65,7
144,0.13,0.55,67,22
144,0.13,0.55,76,1
144,0.13,0.55,81,14
144,0.13,0.55,83,21
144,0.13,0.55,84,7
144,0.13,0.55,86,2
144,0.13,0.55,104,46
144,0.13,0.55,105,30
144,0.13,0.55,109,1
144,0.13,0.55,110,1
144,0.13,0.55,119,12
144,0.13,0.55,121,6
144,0.13,0.55,131,4
144,0.13,0.55,134,46
144,0.13,0.55,135,36
144,0.13,0.55,136,43
144,0.13,0.55,137,29
144,0.13,0.55,150,48
144,0.13,0.55,151,50
144,0.13,0.55,155,47
144,0.13,0.55,160,32
144,0.13,0.55,188,31
144,0.13,0.55,189,45
144,0.13,0.55,192,5
144,0.13,0.55,195,47
144,0.13,0.55,196,38
145,0.73,0.19,2,4
145,0.73,0.19,8,22
145,0.73,0.19,11,31
145,0.73,0.19,15,14
145,0.73,0.19,21,24
145,0.73,0.19,26,15
145,0.73,0.19,27,33
145,0.73,0.19,32,20
145,0.73,0.19,33,32
145,0.73,0.19,41,30
145,0.73,0.19,52,45
145,0.73,0.19,54,43
145,0.73,0.19,56,50
145,0.73,0.19,57,7
145,0.73,0.19,68,18
145,0.73,0.19,71,1
145,0.73,0.19,72,34
145,0.73,0.19,77,35
145,0.73,0.19,78,43
145,0.73,0.19,89,30
145,0.73,0.19,93,37
145,0.73,0.19,98,16
145,0.73,0.19,102,21
145,0.73,0.19,103,37
145,0.73,0.19,107,46
145,0.73,0.19,108,10
145,0.73,0.19,112,32
145,0.73,0.19,114,11
145,0.73,0.19,115,12
145,0.73,0.19,117,50
145,0.73,0.19,118,41
145,0.73,0.19,120,13
145,0.73,0.19,129,13
145,0.73,0.19,138,16
145,0.73,0.19,143,15
145,0.73,0.19,154,42
145,0.73,0.19,156,47
145,0.73,0.19,157,23
145,0.73,0.19,159,35
145,0.73,0.19,165,28
145,0.73,0.19,166,31
145,0.73,0.19,174,46
145,0.73,0.19,178,27
145,0.73,0.19,179,15
145,0.73,0.19,193,36
145,0.73,0.19,194,35
145,0.73,0.19,199,45
146,0.49,0.53,11,41
146,0.49,0.53,13,29
146,0.49,0.53,45,10
146,0.49,0.53,57,43
146,0.49,0.53,60,7
146,0.49,0.53,69,50
146,0.49,0.53,75,17
146,0.49,0.53,80,21
146,0.49,0.53,87,19
146,0.49,0.53,92,41
146,0.49,0.53,94,38
146,0.49,0.53,108,29
146,0.49,0.53,112,29
146,0.49,0.53,115,41
146,0.49,0.53,128,47
146,0.49,0.53,165,15
146,0.49,0.53,181,20
146,0.49,0.53,191,49
146,0.49,0.53,193,12
147,0.95,0.63,-,-
148,0.5,0.56,3,46
148,0.5,0.56,5,24
148,0.5,0.56,11,17
148,0.5,0.56,12,1
148,0.5,0.56,13,27
148,0.5,0.56,14,47
148,0.5,0.56,16,8
148,0.5,0.56,18,46
148,0.5,0.56,21,5
148,0.5,0.56,34,44
148,0.5,0.56,35,46
148,0.5,0.56,40,46
148,0.5,0.56,45,21
148,0.5,0.56,47,45
148,0.5,0.56,49,21
148,0.5,0.56,57,50
148,0.5,0.56,60,42
148,0.5,0.56,64,23
148,0.5,0.56,69,44
148,0.5,0.56,79,41
148,0.5,0.56,80,49
148,0.5,0.56,87,40
148,0.5,0.56,92,2
148,0.5,0.56,94,26
148,0.5,0.56,96,45
148,0.5,0.56,100,4
148,0.5,0.56,101,27
148,0.5,0.56,103,23
148,0.5,0.56,108,21
148,0.5,0.56,109,33
148,0.5,0.56,110,21
148,0.5,0.56,111,41
148,0.5,0.56,112,6
148,0.5,0.56,115,48
148,0.5,0.56,121,26
148,0.5,0.56,125,33
148,0.5,0.56,127,8
148,0.5,0.56,128,22
148,0.5,0.56,133,13
148,0.5,0.56,135,42
148,0.5,0.56,138,6
148,0.5,0.56,143,42
148,0.5,0.56,146,36
148,0.5,0.56,150,9
148,0.5,0.56,161,11
148,0.5,0.56,165,33
148,0.5,0.56,171,2
148,0.5,0.56,180,44
148,0.5,0.56,181,38
148,0.5,0.56,184,13
148,0.5,0.56,185,27
148,0.5,0.56,186,28
148,0.5,0.56,191,23
148,0.5,0.56,192,28
148,0.5,0.56,193,15
148,0.5,0.56,199,50
149,0.82,0.56,2,12
149,0.82,0.56,9,18
149,0.82,0.56,10,38
149,0.82,0.56,11,35
149,0.82,0.56,25,39
149,0.82,0.56,26,5
149,0.82,0.56,32,18
149,0.82,0.56,54,5
149,0.82,0.56,57,49
149,0.82,0.56,71,37
149,0.82,0.56,80,36
149,0.82,0.56,82,48
149,0.82,0.56,87,3
149,0.82,0.56,92,14
149,0.82,0.56,94,41
149,0.82,0.56,103,16
149,0.82,0.56,111,3
149,0.82,0.56,115,10
149,0.82,0.56,120,45
149,0.82,0.56,127,38
149,0.82,0.56,147,15
149,0.82,0.56,152,45
149,0.82,0.56,157,43
149,0.82,0.56,159,37
149,0.82,0.56,163,29
149,0.82,0.56,165,20
149,0.82,0.56,166,39
149,0.82,0.56,174,24
149,0.82,0.56,181,31
149,0.82,0.56,193,20
150,0.21,0.63,6,42
150,0.21,0.63,13,38
150,0.21,0.63,18,22
150,0.21,0.63,19,11
150,0.21,0.63,31,11
150,0.21,0.63,35,29
150,0.21,0.63,36,18
150,0.21,0.63,40,46
150,0.21,0.63,50,19
150,0.21,0.63,53,37
150,0.21,0.63,63,1
150,0.21,0.63,64,40
150,0.21,0.63,69,18
150,0.21,0.63,76,40
150,0.21,0.63,81,49
150,0.21,0.63,83,39
150,0.21,0.63,84,11
150,0.21,0.63,85,22
150,0.21,0.63,86,43
150,0.21,0.63,88,9
150,0.21,0.63,91,40
150,0.21,0.63,104,17
150,0.21,0.63,105,15
150,0.21,0.63,110,45
150,0.21,0.63,128,25
150,0.21,0.63,131,43
150,0.21,0.63,132,10
150,0.21,0.63,134,4
150,0.21,0.63,135,22
150,0.21,0.63,136,9
150,0.21,0.63,137,32
150,0.21,0.63,146,5
150,0.21,0.63,151,17
150,0.21,0.63,155,3
150,0.21,0.63,160,20
150,0.21,0.63,185,29
150,0.21,0.63,188,6
150,0.21,0.63,189,20
150,0.21,0.63,192,14
150,0.21,0.63,196,11
151,0.02,0.67,6,8
151,0.02,0.67,19,46
151,0.02,0.67,24,23
151,0.02,0.67,31,30
151,0.02,0.67,35,32
151,0.02,0.67,36,1
151,0.02,0.67,76,44
151,0.02,0.67,81,14
151,0.02,0.67,83,45
151,0.02,0.67,84,33
151,0.02,0.67,86,32
151,0.02,0.67,91,2
151,0.02,0.67,105,4
151,0.02,0.67,110,37
151,0.02,0.67,134,9
151,0.02,0.67,137,46
151,0.02,0.67,160,50
151,0.02,0.67,189,49
151,0.02,0.67,192,32
152,0.79,0.65,2,16
152,0.79,0.65,10,18
152,0.79,0.65,11,16
152,0.79,0.65,45,4
152,0.79,0.65,60,12
152,0.79,0.65,80,37
152,0.79,0.65,94,40
152,0.79,0.65,147,15
152,0.79,0.65,158,2
152,0.79,0.65,167,16
152,0.79,0.65,193,49
153,0.5,0.93,1,45
153,0.5,0.93,25,43
153,0.5,0.93,34,33
153,0.5,0.93,42,28
153,0.5,0.93,48,36
153,0.5,0.93,60,44
153,0.5,0.93,63,31
153,0.5,0.93,64,5
153,0.5,0.93,69,21
153,0.5,0.93,85,22
153,0.5,0.93,88,36
153,0.5,0.93,97,13
153,0.5,0.93,111,15
153,0.5,0.93,122,2
153,0.5,0.93,123,33
153,0.5,0.93,128,26
153,0.5,0.93,133,16
153,0.5,0.93,162,38
153,0.5,0.93,168,23
153,0.5,0.93,172,26
153,0.5,0.93,184,19
153,0.5,0.93,185,42
154,0.97,0.09,32,9
154,0.97,0.09,52,12
154,0.97,0.09,54,49
154,0.97,0.09,77,9
154,0.97,0.09,93,14
154,0.97,0.09,102,45
154,0.97,0.09,114,30
154,0.97,0.09,117,6
154,0.97,0.09,118,33
154,0.97,0.09,120,19
154,0.97,0.09,174,29
154,0.97,0.09,178,34
155,0.12,0.49,6,28
155,0.12,0.49,13,16
155,0.12,0.49,29,24
155,0.12,0.49,31,47
155,0.12,0.49,35,21
155,0.12,0.49,36,48
155,0.12,0.49,50,50
155,0.12,0.49,51,34
155,0.12,0.49,53,9
155,0.12,0.49,61,13
155,0.12,0.49,67,16
155,0.12,0.49,75,18
155,0.12,0.49,76,2
155,0.12,0.49,81,11
155,0.12,0.49,83,49
155,0.12,0.49,84,4
155,0.12,0.49,86,40
155,0.12,0.49,105,28
155,0.12,0.49,110,26
155,0.12,0.49,131,10
155,0.12,0.49,134,3
155,0.12,0.49,135,4
155,0.12,0.49,136,44
155,0.12,0.49,151,44
155,0.12,0.49,160,48
155,0.12,0.49,189,20
155,0.12,0.49,192,41
156,0.62,0.27,2,50
156,0.62,0.27,8,49
156,0.62,0.27,11,24
156,0.62,0.27,22,39
156,0.62,0.27,26,44
156,0.62,0.27,57,26
156,0.62,0.27,71,42
156,0.62,0.27,72,5
156,0.62,0.27,75,45
156,0.62,0.27,77,14
156,0.62,0.27,87,35
156,0.62,0.27,93,29
156,0.62,0.27,98,11
156,0.62,0.27,103,17
156,0.62,0.27,107,10
156,0.62,0.27,108,2
156,0.62,0.27,112,30
156,0.62,0.27,114,46
156,0.62,0.27,115,10
156,0.62,0.27,118,47
156,0.62,0.27,120,18
156,0.62,0.27,146,48
156,0.62,0.27,159,5
156,0.62,0.27,165,35
156,0.62,0.27,178,33
156,0.62,0.27,191,31
156,0.62,0.27,193,35
157,0.8,0.38,2,40
157,0.8,0.38,8,36
157,0.8,0.38,9,9
157,0.8,0.38,11,47
157,0.8,0.38,26,5
157,0.8,0.38,32,49
157,0.8,0.38,54,26
157,0.8,0.38,57,12
157,0.8,0.38,71,11
157,0.8,0.38,72,41
157,0.8,0.38,77,7
157,0.8,0.38,78,15
157,0.8,0.38,80,41
157,0.8,0.38,82,19
157,0.8,0.38,87,17
157,0.8,0.38,92,5
157,0.8,0.38,93,24
157,0.8,0.38,103,47
157,0.8,0.38,108,45
157,0.8,0.38,115,4
157,0.8,0.38,117,44
157,0.8,0.38,120,11
157,0.8,0.38,147,39
157,0.8,0.38,152,34
157,0.8,0.38,156,43
157,0.8,0.38,159,12
157,0.8,0.38,163,1
157,0.8,0.38,165,50
157,0.8,0.38,166,21
157,0.8,0.38,174,11
157,0.8,0.38,193,40
158,0.88,0.93,10,29
158,0.88,0.93,123,29
158,0.88,0.93,167,23
159,0.86,0.39,2,47
159,0.86,0.39,11,10
159,0.86,0.39,26,22
159,0.86,0.39,54,38
159,0.86,0.39,57,4
159,0.86,0.39,71,44
159,0.86,0.39,72,34
159,0.86,0.39,77,26
159,0.86,0.39,87,17
159,0.86,0.39,92,35
159,0.86,0.39,93,12
159,0.86,0.39,108,10
159,0.86,0.39,115,23
159,0.86,0.39,117,7
159,0.86,0.39,120,15
159,0.86,0.39,147,21
159,0.86,0.39,152,11
159,0.86,0.39,163,31
159,0.86,0.39,165,45
159,0.86,0.39,193,14
160,0.21,0.72,13,4
160,0.21,0.72,24,11
160,0.21,0.72,36,46
160,0.21,0.72,76,28
160,0.21,0.72,83,29
160,0.21,0.72,85,6
160,0.21,0.72,88,26
160,0.21,0.72,105,37
160,0.21,0.72,128,15
160,0.21,0.72,137,1
161,0.41,0.28,8,48
161,0.41,0.28,11,33
161,0.41,0.28,13,7
161,0.41,0.28,22,47
161,0.41,0.28,30,46
161,0.41,0.28,45,33
161,0.41,0.28,55,3
161,0.41,0.28,57,33
161,0.41,0.28,62,10
161,0.41,0.28,67,34
161,0.41,0.28,72,40
161,0.41,0.28,75,16
161,0.41,0.28,108,20
161,0.41,0.28,112,29
161,0.41,0.28,113,12
161,0.41,0.28,146,20
161,0.41,0.28,156,21
161,0.41,0.28,183,50
161,0.41,0.28,191,45
161,0.41,0.28,192,9
162,0.32,0.97,1,26
162,0.32,0.97,19,9
162,0.32,0.97,48,15
162,0.32,0.97,60,43
162,0.32,0.97,63,40
162,0.32,0.97,69,38
162,0.32,0.97,85,29
162,0.32,0.97,88,43
162,0.32,0.97,97,49
162,0.32,0.97,104,11
162,0.32,0.97,122,35
162,0.32,0.97,128,45
162,0.32,0.97,137,19
162,0.32,0.97,160,1
162,0.32,0.97,168,2
162,0.32,0.97,184,8
162,0.32,0.97,185,37
163,0.95,0.56,2,43
163,0.95,0.56,10,6
163,0.95,0.56,26,34
163,0.95,0.56,54,33
163,0.95,0.56,71,18
163,0.95,0.56,92,36
163,0.95,0.56,115,5
163,0.95,0.56,147,11
163,0.95,0.56,152,20
163,0.95,0.56,165,12
163,0.95,0.56,193,12
164,0.97,0.49,2,48
164,0.97,0.49,7,15
164,0.97,0.49,9,40
164,0.97,0.49,10,15
164,0.97,0.49,12,28
164,0.97,0.49,21,42
164,0.97,0.49,26,7
164,0.97,0.49,27,13
164,0.97,0.49,32,14
164,0.97,0.49,54,37
164,0.97,0.49,71,16
164,0.97,0.49,74,31
164,0.97,0.49,82,6
164,0.97,0.49,89,50
164,0.97,0.49,92,33
164,0.97,0.49,103,37
164,0.97,0.49,115,12
164,0.97,0.49,117,3
164,0.97,0.49,120,28
164,0.97,0.49,124,43
164,0.97,0.49,143,11
164,0.97,0.49,147,47
164,0.97,0.49,149,32
164,0.97,0.49,152,42
164,0.97,0.49,157,45
164,0.97,0.49,159,22
164,0.97,0.49,163,22
164,0.97,0.49,165,16
164,0.97,0.49,166,47
164,0.97,0.49,174,43
164,0.97,0.49,179,20
164,0.97,0.49,193,5
165,0.73,0.47,2,50
165,0.73,0.47,10,36
165,0.73,0.47,11,29
165,0.73,0.47,26,30
165,0.73,0.47,45,18
165,0.73,0.47,54,39
165,0.73,0.47,72,16
165,0.73,0.47,80,49
165,0.73,0.47,94,28
165,0.73,0.47,147,43
165,0.73,0.47,152,46
165,0.73,0.47,193,25
166,0.75,0.3,2,16
166,0.75,0.3,8,3
166,0.75,0.3,9,46
166,0.75,0.3,11,29
166,0.75,0.3,26,20
166,0.75,0.3,52,19
166,0.75,0.3,54,25
166,0.75,0.3,57,1
166,0.75,0.3,71,49
166,0.75,0.3,72,10
166,0.75,0.3,77,5
166,0.75,0.3,87,19
166,0.75,0.3,93,17
166,0.75,0.3,98,17
166,0.75,0.3,103,8
166,0.75,0.3,108,49
166,0.75,0.3,112,2
166,0.75,0.3,114,19
166,0.75,0.3,115,10
166,0.75,0.3,117,9
166,0.75,0.3,118,24
166,0.75,0.3,120,17
166,0.75,0.3,156,23
166,0.75,0.3,159,32
166,0.75,0.3,165,14
166,0.75,0.3,178,28
166,0.75,0.3,193,17
167,0.83,0.91,-,-
168,0.37,0.9,60,49
168,0.37,0.9,85,27
168,0.37,0.9,88,15
168,0.37,0.9,128,2
168,0.37,0.9,137,21
168,0.37,0.9,160,46
169,0.11,0.06,55,49
169,0.11,0.06,61,28
170,0.06,0.81,19,20
170,0.06,0.81,24,36
170,0.06,0.81,31,45
170,0.06,0.81,35,13
170,0.06,0.81,36,31
170,0.06,0.81,59,37
170,0.06,0.81,76,48
170,0.06,0.81,81,47
170,0.06,0.81,83,32
170,0.06,0.81,85,18
170,0.06,0.81,88,22
170,0.06,0.81,91,37
170,0.06,0.81,101,26
170,0.06,0.81,104,30
170,0.06,0.81,105,27
170,0.06,0.81,109,42
170,0.06,0.81,110,15
170,0.06,0.81,131,37
170,0.06,0.81,132,7
170,0.06,0.81,137,31
170,0.06,0.81,142,12
170,0.06,0.81,144,37
170,0.06,0.81,150,22
170,0.06,0.81,151,23
170,0.06,0.81,160,30
170,0.06,0.81,173,15
170,0.06,0.81,182,39
170,0.06,0.81,188,8
170,0.06,0.81,189,4
170,0.06,0.81,196,14
171,0.41,0.4,5,17
171,0.41,0.4,6,50
171,0.41,0.4,8,2
171,0.41,0.4,11,42
171,0.41,0.4,13,16
171,0.41,0.4,14,17
171,0.41,0.4,18,8
171,0.41,0.4,22,19
171,0.41,0.4,33,29
171,0.41,0.4,35,41
171,0.41,0.4,40,45
171,0.41,0.4,41,30
171,0.41,0.4,45,49
171,0.41,0.4,49,41
171,0.41,0.4,50,17
171,0.41,0.4,57,31
171,0.41,0.4,64,26
171,0.41,0.4,67,8
171,0.41,0.4,75,45
171,0.41,0.4,78,2
171,0.41,0.4,80,2
171,0.41,0.4,87,50
171,0.41,0.4,94,44
171,0.41,0.4,106,6
171,0.41,0.4,108,31
171,0.41,0.4,109,13
171,0.41,0.4,112,40
171,0.41,0.4,121,3
171,0.41,0.4,135,30
171,0.41,0.4,138,35
171,0.41,0.4,141,7
171,0.41,0.4,146,12
171,0.41,0.4,156,30
171,0.41,0.4,161,24
171,0.41,0.4,175,13
171,0.41,0.4,176,44
171,0.41,0.4,183,40
171,0.41,0.4,191,22
171,0.41,0.4,192,6
171,0.41,0.4,193,44
171,0.41,0.4,198,49
171,0.41,0.4,199,42
172,0.73,0.87,10,4
172,0.73,0.87,25,43
172,0.73,0.87,34,2
172,0.73,0.87,42,21
172,0.73,0.87,48,45
172,0.73,0.87,60,34
172,0.73,0.87,80,26
172,0.73,0.87,92,21
172,0.73,0.87,94,19
172,0.73,0.87,97,35
172,0.73,0.87,111,36
172,0.73,0.87,122,22
172,0.73,0.87,123,10
172,0.73,0.87,127,35
172,0.73,0.87,133,21
172,0.73,0.87,152,14
172,0.73,0.87,158,16
172,0.73,0.87,167,22
172,0.73,0.87,181,14
172,0.73,0.87,184,39
173,0.04,0.83,19,25
173,0.04,0.83,24,47
173,0.04,0.83,31,20
173,0.04,0.83,35,41
173,0.04,0.83,36,29
173,0.04,0.83,59,30
173,0.04,0.83,76,4
173,0.04,0.83,81,43
173,0.04,0.83,83,36
173,0.04,0.83,85,34
173,0.04,0.83,88,28
173,0.04,0.83,91,4
173,0.04,0.83,104,31
173,0.04,0.83,105,8
173,0.04,0.83,109,46
173,0.04,0.83,110,21
173,0.04,0.83,131,13
173,0.04,0.83,132,15
173,0.04,0.83,137,1
173,0.04,0.83,142,14
173,0.04,0.83,144,26
173,0.04,0.83,150,32
173,0.04,0.83,151,21
173,0.04,0.83,160,7
173,0.04,0.83,182,36
173,0.04,0.83,188,50
173,0.04,0.83,189,3
173,0.04,0.83,196,33
174,0.87,0.27,2,21
174,0.87,0.27,8,6
174,0.87,0.27,9,27
174,0.87,0.27,26,46
174,0.87,0.27,52,27
174,0.87,0.27,54,50
174,0.87,0.27,57,12
174,0.87,0.27,71,29
174,0.87,0.27,72,33
174,0.87,0.27,77,49
174,0.87,0.27,93,3
174,0.87,0.27,102,5
174,0.87,0.27,103,26
174,0.87,0.27,114,43
174,0.87,0.27,115,48
174,0.87,0.27,117,13
174,0.87,0.27,118,10
174,0.87,0.27,120,1
174,0.87,0.27,156,8
174,0.87,0.27,159,49
174,0.87,0.27,165,50
174,0.87,0.27,166,11
174,0.87,0.27,178,16
174,0.87,0.27,193,20
175,0.4,0.18,8,7
175,0.4,0.18,13,13
175,0.4,0.18,17,16
175,0.4,0.18,22,40
175,0.4,0.18,30,33
175,0.4,0.18,55,36
175,0.4,0.18,57,25
175,0.4,0.18,62,39
175,0.4,0.18,67,3
175,0.4,0.18,75,36
175,0.4,0.18,98,3
175,0.4,0.18,107,31
175,0.4,0.18,108,10
175,0.4,0.18,112,12
175,0.4,0.18,113,8
175,0.4,0.18,140,1
175,0.4,0.18,156,47
175,0.4,0.18,161,34
175,0.4,0.18,183,8
175,0.4,0.18,191,24
176,0.43,0.18,8,23
176,0.43,0.18,17,23
176,0.43,0.18,18,24
176,0.43,0.18,22,43
176,0.43,0.18,30,21
176,0.43,0.18,33,43
176,0.43,0.18,41,11
176,0.43,0.18,55,42
176,0.43,0.18,56,47
176,0.43,0.18,57,47
176,0.43,0.18,62,23
176,0.43,0.18,66,35
176,0.43,0.18,67,37
176,0.43,0.18,72,20
176,0.43,0.18,75,40
176,0.43,0.18,78,41
176,0.43,0.18,98,2
176,0.43,0.18,107,35
176,0.43,0.18,108,16
176,0.43,0.18,112,5
176,0.43,0.18,113,30
176,0.43,0.18,116,17
176,0.43,0.18,118,42
176,0.43,0.18,121,13
176,0.43,0.18,138,48
176,0.43,0.18,140,9
176,0.43,0.18,141,10
176,0.43,0.18,156,40
176,0.43,0.18,161,42
176,0.43,0.18,175,18
176,0.43,0.18,178,19
176,0.43,0.18,183,8
176,0.43,0.18,190,3
176,0.43,0.18,191,21
176,0.43,0.18,194,20
176,0.43,0.18,199,15
177,0.17,0.14,4,43
177,0.17,0.14,17,47
177,0.17,0.14,22,44
177,0.17,0.14,29,3
177,0.17,0.14,30,30
177,0.17,0.14,37,5
177,0.17,0.14,38,23
177,0.17,0.14,39,5
177,0.17,0.14,50,27
177,0.17,0.14,51,39
177,0.17,0.14,53,39
177,0.17,0.14,55,29
177,0.17,0.14,61,28
177,0.17,0.14,62,34
177,0.17,0.14,65,42
177,0.17,0.14,66,11
177,0.17,0.14,67,12
177,0.17,0.14,75,40
177,0.17,0.14,84,9
177,0.17,0.14,113,33
177,0.17,0.14,116,48
177,0.17,0.14,119,28
177,0.17,0.14,139,21
177,0.17,0.14,140,16
177,0.17,0.14,141,36
177,0.17,0.14,161,5
177,0.17,0.14,169,27
177,0.17,0.14,175,8
177,0.17,0.14,176,36
177,0.17,0.14,183,42
177,0.17,0.14,187,12
177,0.17,0.14,190,7
177,0.17,0.14,195,31
177,0.17,0.14,198,2
178,0.7,0.09,-,-
179,0.76,0.35,2,10
179,0.76,0.35,8,45
179,0.76,0.35,9,15
179,0.76,0.35,11,46
179,0.76,0.35,12,32
179,0.76,0.35,26,37
179,0.76,0.35,27,27
179,0.76,0.35,32,5
179,0.76,0.35,33,3
179,0.76,0.35,41,22
179,0.76,0.35,54,41
179,0.76,0.35,57,8
179,0.76,0.35,71,35
179,0.76,0.35,72,47
179,0.76,0.35,77,34
179,0.76,0.35,78,15
179,0.76,0.35,80,26
179,0.76,0.35,82,42
179,0.76,0.35,87,20
179,0.76,0.35,92,7
179,0.76,0.35,93,19
179,0.76,0.35,103,43
179,0.76,0.35,108,19
179,0.76,0.35,112,34
179,0.76,0.35,114,6
179,0.76,0.35,115,12
179,0.76,0.35,117,4
179,0.76,0.35,120,44
179,0.76,0.35,124,24
179,0.76,0.35,143,3
179,0.76,0.35,149,14
179,0.76,0.35,156,21
179,0.76,0.35,157,38
179,0.76,0.35,159,37
179,0.76,0.35,163,10
179,0.76,0.35,165,27
179,0.76,0.35,166,24
179,0.76,0.35,174,6
179,0.76,0.35,178,10
179,0.76,0.35,193,23
179,0.76,0.35,199,27
180,0.6,0.61,2,49
180,0.6,0.61,7,42
180,0.6,0.61,9,12
180,0.6,0.61,11,38
180,0.6,0.61,12,33
180,0.6,0.61,14,22
180,0.6,0.61,18,4
180,0.6,0.61,21,43
180,0.6,0.61,25,46
180,0.6,0.61,26,9
180,0.6,0.61,34,41
180,0.6,0.61,44,2
180,0.6,0.61,45,22
180,0.6,0.61,49,2
180,0.6,0.61,57,22
180,0.6,0.61,60,7
180,0.6,0.61,64,16
180,0.6,0.61,69,30
180,0.6,0.61,80,29
180,0.6,0.61,87,37
180,0.6,0.61,92,25
180,0.6,0.61,94,6
180,0.6,0.61,96,18
180,0.6,0.61,97,29
180,0.6,0.61,100,6
180,0.6,0.61,103,15
180,0.6,0.61,108,22
180,0.6,0.61,111,37
180,0.6,0.61,112,14
180,0.6,0.61,115,11
180,0.6,0.61,121,21
180,0.6,0.61,122,2
180,0.6,0.61,124,27
180,0.6,0.61,125,11
180,0.6,0.61,127,34
180,0.6,0.61,128,42
180,0.6,0.61,133,3
180,0.6,0.61,135,9
180,0.6,0.61,138,23
180,0.6,0.61,143,30
180,0.6,0.61,146,46
180,0.6,0.61,149,3
180,0.6,0.61,152,36
180,0.6,0.61,165,15
180,0.6,0.61,171,11
180,0.6,0.61,172,35
180,0.6,0.61,181,25
180,0.6,0.61,184,20
180,0.6,0.61,185,24
180,0.6,0.61,186,34
180,0.6,0.61,191,45
180,0.6,0.61,193,14
181,0.7,0.69,10,27
181,0.7,0.69,11,6
181,0.7,0.69,25,24
181,0.7,0.69,42,20
181,0.7,0.69,45,46
181,0.7,0.69,60,47
181,0.7,0.69,80,25
181,0.7,0.69,87,12
181,0.7,0.69,92,21
181,0.7,0.69,94,4
181,0.7,0.69,115,20
181,0.7,0.69,123,45
181,0.7,0.69,147,28
181,0.7,0.69,152,46
181,0.7,0.69,163,11
181,0.7,0.69,165,41
181,0.7,0.69,167,13
181,0.7,0.69,193,46
182,0,0.59,5,20
182,0,0.59,6,17
182,0,0.59,29,7
182,0,0.59,31,12
182,0,0.59,35,3
182,0,0.59,36,23
182,0,0.59,50,2
182,0,0.59,51,21
182,0,0.59,53,27
182,0,0.59,65,19
182,0,0.59,76,42
182,0,0.59,81,10
182,0,0.59,83,38
182,0,0.59,84,30
182,0,0.59,86,5
182,0,0.59,91,14
182,0,0.59,105,6
182,0,0.59,109,39
182,0,0.59,110,24
182,0,0.59,131,9
182,0,0.59,134,9
182,0,0.59,136,24
182,0,0.59,137,17
182,0,0.59,142,38
182,0,0.59,144,45
182,0,0.59,150,22
182,0,0.59,151,14
182,0,0.59,155,24
182,0,0.59,160,17
182,0,0.59,188,7
182,0,0.59,189,31
182,0,0.59,192,33
182,0,0.59,195,27
182,0,0.59,196,5
183,0.23,0.21,13,44
183,0.23,0.21,22,48
183,0.23,0.21,30,35
183,0.23,0.21,37,1
183,0.23,0.21,39,48
183,0.23,0.21,55,50
183,0.23,0.21,61,39
183,0.23,0.21,62,36
183,0.23,0.21,67,17
183,0.23,0.21,75,28
183,0.23,0.21,86,48
183,0.23,0.21,112,36
183,0.23,0.21,113,43
183,0.23,0.21,139,12
183,0.23,0.21,140,6
183,0.23,0.21,169,22
184,0.53,0.77,1,29
184,0.53,0.77,25,38
184,0.53,0.77,35,41
184,0.53,0.77,42,43
184,0.53,0.77,45,8
184,0.53,0.77,60,41
184,0.53,0.77,63,37
184,0.53,0.77,69,29
184,0.53,0.77,80,19
184,0.53,0.77,85,13
184,0.53,0.77,87,37
184,0.53,0.77,88,23
184,0.53,0.77,92,24
184,0.53,0.77,94,3
184,0.53,0.77,111,18
184,0.53,0.77,123,13
184,0.53,0.77,128,26
184,0.53,0.77,133,37
184,0.53,0.77,146,13
184,0.53,0.77,152,17
184,0.53,0.77,168,38
184,0.53,0.77,181,11
184,0.53,0.77,185,31
185,0.38,0.78,45,18
185,0.38,0.78,60,29
185,0.38,0.78,69,8
185,0.38,0.78,83,43
185,0.38,0.78,85,26
185,0.38,0.78,88,28
185,0.38,0.78,94,34
185,0.38,0.78,128,17
185,0.38,0.78,137,29
185,0.38,0.78,146,12
185,0.38,0.78,160,22
185,0.38,0.78,168,19
186,0.5,0.33,2,6
186,0.5,0.33,8,42
186,0.5,0.33,11,5
186,0.5,0.33,13,47
186,0.5,0.33,14,22
186,0.5,0.33,18,34
186,0.5,0.33,21,33
186,0.5,0.33,22,8
186,0.5,0.33,33,13
186,0.5,0.33,40,17
186,0.5,0.33,41,21
186,0.5,0.33,45,10
186,0.5,0.33,56,10
186,0.5,0.33,57,42
186,0.5,0.33,67,46
186,0.5,0.33,72,20
186,0.5,0.33,75,1
186,0.5,0.33,78,26
186,0.5,0.33,80,11
186,0.5,0.33,87,10
186,0.5,0.33,96,19
186,0.5,0.33,100,23
186,0.5,0.33,106,10
186,0.5,0.33,108,28
186,0.5,0.33,112,3
186,0.5,0.33,121,43
186,0.5,0.33,135,37
186,0.5,0.33,138,37
186,0.5,0.33,141,14
186,0.5,0.33,143,21
186,0.5,0.33,145,42
186,0.5,0.33,146,41
186,0.5,0.33,156,43
186,0.5,0.33,161,10
186,0.5,0.33,165,11
186,0.5,0.33,166,33
186,0.5,0.33,171,23
186,0.5,0.33,175,17
186,0.5,0.33,176,21
186,0.5,0.33,179,23
186,0.5,0.33,183,23
186,0.5,0.33,191,3
186,0.5,0.33,192,26
186,0.5,0.33,193,18
186,0.5,0.33,194,7
186,0.5,0.33,198,14
186,0.5,0.33,199,34
187,0.08,0.11,17,10
187,0.08,0.11,37,34
187,0.08,0.11,38,39
187,0.08,0.11,39,42
187,0.08,0.11,55,7
187,0.08,0.11,61,50
187,0.08,0.11,67,28
187,0.08,0.11,84,11
187,0.08,0.11,113,30
187,0.08,0.11,116,40
187,0.08,0.11,139,21
187,0.08,0.11,140,33
187,0.08,0.11,169,48
187,0.08,0.11,183,22
188,0.12,0.56,6,36
188,0.12,0.56,13,21
188,0.12,0.56,29,23
188,0.12,0.56,31,4
188,0.12,0.56,35,36
188,0.12,0.56,36,13
188,0.12,0.56,50,42
188,0.12,0.56,51,23
188,0.12,0.56,53,14
188,0.12,0.56,64,10
188,0.12,0.56,76,4
188,0.12,0.56,81,3
188,0.12,0.56,83,46
188,0.12,0.56,84,36
188,0.12,0.56,86,4
188,0.12,0.56,91,3
188,0.12,0.56,104,16
188,0.12,0.56,105,23
188,0.12,0.56,110,32
188,0.12,0.56,131,8
188,0.12,0.56,134,9
188,0.12,0.56,135,3
188,0.12,0.56,136,15
188,0.12,0.56,137,18
188,0.12,0.56,151,10
188,0.12,0.56,155,15
188,0.12,0.56,160,17
188,0.12,0.56,189,46
188,0.12,0.56,192,24
189,0.04,0.7,6,17
189,0.04,0.7,19,49
189,0.04,0.7,24,36
189,0.04,0.7,35,7
189,0.04,0.7,36,21
189,0.04,0.7,76,47
189,0.04,0.7,83,29
189,0.04,0.7,85,39
189,0.04,0.7,86,10
189,0.04,0.7,88,34
189,0.04,0.7,91,42
189,0.04,0.7,105,6
189,0.04,0.7,137,20
189,0.04,0.7,160,16
189,0.04,0.7,192,20
190,0.26,0.06,17,15
190,0.26,0.06,22,18
190,0.26,0.06,30,50
190,0.26,0.06,37,8
190,0.26,0.06,38,50
190,0.26,0.06,39,38
190,0.26,0.06,41,7
190,0.26,0.06,55,21
190,0.26,0.06,56,45
190,0.26,0.06,61,40
190,0.26,0.06,62,27
190,0.26,0.06,66,49
190,0.26,0.06,67,14
190,0.26,0.06,75,29
190,0.26,0.06,113,45
190,0.26,0.06,116,39
190,0.26,0.06,139,16
190,0.26,0.06,140,50
190,0.26,0.06,161,10
190,0.26,0.06,169,13
190,0.26,0.06,175,14
190,0.26,0.06,183,5
190,0.26,0.06,187,2
191,0.47,0.45,2,50
191,0.47,0.45,11,28
191,0.47,0.45,13,3
191,0.47,0.45,22,22
191,0.47,0.45,45,15
191,0.47,0.45,57,9
191,0.47,0.45,72,31
191,0.47,0.45,75,18
191,0.47,0.45,80,19
191,0.47,0.45,87,34
191,0.47,0.45,94,8
191,0.47,0.45,108,17
191,0.47,0.45,112,36
191,0.47,0.45,165,32
191,0.47,0.45,193,16
192,0.28,0.53,13,22
192,0.28,0.53,36,42
192,0.28,0.53,45,31
192,0.28,0.53,69,46
192,0.28,0.53,75,7
192,0.28,0.53,76,13
192,0.28,0.53,83,46
192,0.28,0.53,85,45
192,0.28,0.53,86,45
192,0.28,0.53,105,47
192,0.28,0.53,112,4
192,0.28,0.53,128,40
192,0.28,0.53,146,12
192,0.28,0.53,160,8
192,0.28,0.53,185,48
192,0.28,0.53,191,1
193,0.7,0.43,11,13
193,0.7,0.43,94,12
194,0.57,0.08,8,29
194,0.57,0.08,22,50
194,0.57,0.08,30,18
194,0.57,0.08,57,50
194,0.57,0.08,62,26
194,0.57,0.08,72,28
194,0.57,0.08,78,18
194,0.57,0.08,93,49
194,0.57,0.08,98,18
194,0.57,0.08,107,43
194,0.57,0.08,108,8
194,0.57,0.08,112,3
194,0.57,0.08,113,24
194,0.57,0.08,114,18
194,0.57,0.08,118,35
194,0.57,0.08,156,42
194,0.57,0.08,161,30
194,0.57,0.08,166,18
194,0.57,0.08,175,13
194,0.57,0.08,178,18
195,0.02,0.38,6,6
195,0.02,0.38,29,38
195,0.02,0.38,36,23
195,0.02,0.38,37,45
195,0.02,0.38,39,10
195,0.02,0.38,40,37
195,0.02,0.38,50,43
195,0.02,0.38,51,7
195,0.02,0.38,53,5
195,0.02,0.38,55,29
195,0.02,0.38,61,44
195,0.02,0.38,65,9
195,0.02,0.38,67,27
195,0.02,0.38,76,10
195,0.02,0.38,81,29
195,0.02,0.38,84,50
195,0.02,0.38,86,18
195,0.02,0.38,105,49
195,0.02,0.38,109,50
195,0.02,0.38,119,12
195,0.02,0.38,131,28
195,0.02,0.38,134,39
195,0.02,0.38,136,29
195,0.02,0.38,139,25
195,0.02,0.38,151,43
195,0.02,0.38,155,24
195,0.02,0.38,183,30
195,0.02,0.38,187,28
195,0.02,0.38,188,35
195,0.02,0.38,196,39
196,0.03,0.6,6,7
196,0.03,0.6,29,21
196,0.03,0.6,31,11
196,0.03,0.6,35,36
196,0.03,0.6,36,43
196,0.03,0.6,50,14
196,0.03,0.6,51,1
196,0.03,0.6,53,12
196,0.03,0.6,76,24
196,0.03,0.6,81,41
196,0.03,0.6,83,12
196,0.03,0.6,84,13
196,0.03,0.6,86,22
196,0.03,0.6,91,50
196,0.03,0.6,104,5
196,0.03,0.6,105,28
196,0.03,0.6,110,35
196,0.03,0.6,131,41
196,0.03,0.6,134,43
196,0.03,0.6,136,23
196,0.03,0.6,137,7
196,0.03,0.6,151,24
196,0.03,0.6,155,9
196,0.03,0.6,160,34
196,0.03,0.6,188,31
196,0.03,0.6,189,41
196,0.03,0.6,192,24
197,0.39,0.89,1,5
197,0.39,0.89,19,39
197,0.39,0.89,34,33
197,0.39,0.89,35,25
197,0.39,0.89,44,36
197,0.39,0.89,47,16
197,0.39,0.89,48,15
197,0.39,0.89,49,15
197,0.39,0.89,60,21
197,0.39,0.89,63,36
197,0.39,0.89,64,12
197,0.39,0.89,69,35
197,0.39,0.89,85,46
197,0.39,0.89,88,30
197,0.39,0.89,97,40
197,0.39,0.89,104,21
197,0.39,0.89,110,26
197,0.39,0.89,111,29
197,0.39,0.89,122,48
197,0.39,0.89,128,20
197,0.39,0.89,132,12
197,0.39,0.89,133,13
197,0.39,0.89,137,38
197,0.39,0.89,153,27
197,0.39,0.89,160,37
197,0.39,0.89,162,49
197,0.39,0.89,168,25
197,0.39,0.89,184,44
197,0.39,0.89,185,1
198,0.36,0.28,4,35
198,0.36,0.28,5,41
198,0.36,0.28,6,12
198,0.36,0.28,8,21
198,0.36,0.28,11,5
198,0.36,0.28,13,28
198,0.36,0.28,14,27
198,0.36,0.28,18,43
198,0.36,0.28,22,25
198,0.36,0.28,30,4
198,0.36,0.28,33,36
198,0.36,0.28,40,47
198,0.36,0.28,41,20
198,0.36,0.28,50,29
198,0.36,0.28,55,21
198,0.36,0.28,56,42
198,0.36,0.28,57,18
198,0.36,0.28,62,22
198,0.36,0.28,65,35
198,0.36,0.28,66,29
198,0.36,0.28,67,42
198,0.36,0.28,75,25
198,0.36,0.28,78,21
198,0.36,0.28,84,16
198,0.36,0.28,106,9
198,0.36,0.28,108,16
198,0.36,0.28,112,7
198,0.36,0.28,113,7
198,0.36,0.28,116,40
198,0.36,0.28,119,27
198,0.36,0.28,121,46
198,0.36,0.28,135,32
198,0.36,0.28,138,19
198,0.36,0.28,141,20
198,0.36,0.28,146,4
198,0.36,0.28,156,36
198,0.36,0.28,161,49
198,0.36,0.28,175,7
198,0.36,0.28,176,31
198,0.36,0.28,183,3
198,0.36,0.28,190,12
198,0.36,0.28,191,33
198,0.36,0.28,192,15
198,0.36,0.28,194,39
198,0.36,0.28,199,40
199,0.57,0.28,2,20
199,0.57,0.28,8,8
199,0.57,0.28,11,33
199,0.57,0.28,18,50
199,0.57,0.28,22,5
199,0.57,0.28,26,22
199,0.57,0.28,27,28
199,0.57,0.28,30,20
199,0.57,0.28,33,4
199,0.57,0.28,41,1
199,0.57,0.28,45,1
199,0.57,0.28,56,29
199,0.57,0.28,57,21
199,0.57,0.28,67,9
199,0.57,0.28,71,49
199,0.57,0.28,72,39
199,0.57,0.28,75,15
199,0.57,0.28,78,8
199,0.57,0.28,87,5
199,0.57,0.28,93,24
199,0.57,0.28,98,33
199,0.57,0.28,103,37
199,0.57,0.28,107,24
199,0.57,0.28,108,35
199,0.57,0.28,112,8
199,0.57,0.28,114,26
199,0.57,0.28,115,34
199,0.57,0.28,118,44
199,0.57,0.28,135,9
199,0.57,0.28,141,48
199,0.57,0.28,143,49
199,0.57,0.28,146,1
199,0.57,0.28,156,32
199,0.57,0.28,157,27
199,0.57,0.28,161,30
199,0.57,0.28,165,28
199,0.57,0.28,166,22
199,0.57,0.28,175,18
199,0.57,0.28,178,20
199,0.57,0.28,191,11
199,0.57,0.28,193,3
199,0.57,0.28,194,49
Source node:,40,,,
Sink node:,9,,,
